Accuraccy_train_h24-28-32_w200_ov64_120-500s,Loss_train_h24-28-32_w200_ov64_120-500s,Accuraccy_train_h24-30-36_w200_ov64_120s-500s,Loss_train_h24-30-36_w200_ov64_120s-500s,Accuraccy_train_h28-30-32_w200_ov64_120-500s,Loss_train_h28-30-32_w200_ov64_120-500s,Accuraccy_train_h28-32-36_w200_ov64_120s-500s,Loss_train_h28-32-36_w200_ov64_120s-500s,Accuraccy_train_h32-34-36_w200_ov64_120-500s,Loss_train_h32-34-36_w200_ov64_120-500s,Accuraccy_train_h38-40-42_w200_ov64_120s-500s,Loss_train_h38-40-42_w200_ov64_120s-500s,Accuraccy_train_h42-44-46_w200_ov64_120s-500s,Loss_train_h42-44-46_w200_ov64_120s-500s,Accuraccy_train_h24-28-32-36_w200_ov64_120-500s,Loss_train_h24-28-32-36_w200_ov64_120-500s,Accuraccy_train_h30-32-34-36_w200_ov64_120s-500s,Loss_train_h30-32-34-36_w200_ov64_120s-500s
0.589353621,0.667624891,0.586734653,0.657438695,0.592039764,0.633507729,0.595959604,0.682977796,0.592964828,0.711317658,0.404255301,0.693711221,0.600000024,0.714775145,0.407407403,0.715565622,0.594696999,0.727301717
0.589353621,0.690034151,0.586734653,0.683285803,0.592039764,0.65824002,0.595959604,0.681209475,0.592964828,0.700184464,0.404255301,0.692697197,0.600000024,0.706576198,0.407407403,0.712482303,0.594696999,0.740534008
0.624841571,0.675079803,0.588435352,0.680379689,0.620232145,0.656434715,0.629629632,0.667345564,0.623115579,0.69112732,0.460992893,0.696801066,0.600000024,0.710709453,0.407407403,0.703879337,0.628787915,0.706546704
0.634980991,0.658805624,0.59311223,0.643238202,0.620646745,0.708063111,0.642676771,0.683682263,0.621859297,0.668175563,0.478723392,0.692641452,0.595833361,0.705952972,0.483333319,0.68893756,0.610795483,0.692137241
0.645627379,0.643285036,0.583673453,0.630445671,0.617910433,0.688203633,0.644444442,0.696548212,0.623115575,0.642333806,0.492553174,0.700289226,0.584444475,0.70346911,0.52592591,0.672720659,0.610606086,0.691381216
0.650190115,0.649938951,0.584183653,0.637638052,0.613598655,0.694657465,0.641414136,0.668115328,0.623953094,0.647806982,0.509751757,0.707813859,0.580555588,0.708626856,0.544444432,0.67805322,0.620580832,0.685981611
0.629549154,0.655036756,0.593294442,0.644251611,0.625444191,0.69549564,0.647186143,0.641932628,0.631012201,0.647112693,0.503799375,0.707676905,0.578571456,0.708498342,0.566137552,0.676863304,0.628787901,0.684037949
0.613117866,0.658702664,0.602678552,0.631706104,0.636815906,0.690091699,0.656565651,0.636792626,0.634422109,0.626070939,0.519946788,0.708157174,0.571527801,0.710530207,0.583333321,0.661735311,0.630681843,0.688461155
0.601605402,0.658965972,0.602607694,0.607110023,0.628524032,0.688234952,0.654882153,0.629359454,0.616973754,0.641040219,0.532505886,0.70342648,0.564197554,0.703113317,0.599999991,0.653991388,0.627525277,0.691075802
0.596577942,0.659024972,0.59081631,0.604444665,0.633830833,0.698268771,0.65151515,0.639125237,0.614070347,0.638964278,0.539361677,0.701747984,0.563333356,0.700055921,0.614074063,0.644676918,0.622727299,0.681351447
0.591773239,0.657621768,0.576530597,0.611905699,0.634554489,0.709614326,0.656106521,0.668638964,0.609410684,0.635753339,0.539651814,0.704197889,0.562626286,0.694779369,0.625589214,0.630557759,0.619834737,0.673492047
0.588403036,0.661976914,0.580357129,0.623389378,0.640547251,0.708214109,0.659511785,0.648779951,0.601340028,0.642994449,0.542996429,0.694966286,0.568981503,0.692412416,0.631481469,0.62579532,0.617739926,0.684109146
0.587306224,0.659141541,0.58673468,0.62196627,0.643704543,0.694192011,0.663947165,0.643410699,0.604947812,0.647781863,0.546235655,0.69825431,0.574358995,0.693651557,0.639886026,0.626860655,0.615967393,0.684950269
0.591254749,0.656048243,0.583454796,0.612419141,0.643212497,0.702873417,0.665584415,0.641807358,0.605168698,0.662974294,0.544832802,0.703133281,0.568253988,0.691481824,0.647089933,0.621399092,0.60687232,0.686664011
0.598225598,0.649474569,0.58673468,0.599363832,0.643449406,0.714942133,0.667340068,0.63606262,0.602010049,0.661015431,0.546453875,0.706159349,0.574444463,0.693988506,0.649382703,0.61530896,0.603787903,0.686055636
0.603612162,0.645115715,0.588647947,0.609232437,0.645211428,0.702741597,0.668876264,0.652624628,0.605841706,0.669529263,0.543882953,0.696445052,0.57500002,0.697722528,0.652314801,0.609556828,0.602746237,0.685714751
0.608588678,0.643962464,0.585234081,0.626803058,0.646180847,0.684326966,0.670528819,0.659341288,0.609222579,0.663865892,0.547872314,0.697545094,0.57614381,0.700460683,0.654466215,0.608477105,0.604723731,0.686970974
0.599493025,0.646414916,0.585317446,0.624122712,0.645660573,0.665275294,0.671156006,0.657753635,0.610831931,0.653010334,0.550236379,0.698534555,0.574691377,0.704041514,0.654732496,0.614304221,0.608165006,0.687360886
0.595757451,0.642917981,0.589151436,0.613805338,0.642838425,0.661877376,0.671982988,0.65346877,0.60380851,0.666870671,0.553471416,0.697378237,0.573099433,0.704337032,0.657309927,0.608981816,0.607456163,0.687445029
0.596387829,0.642151067,0.592091823,0.615752819,0.642786056,0.660627519,0.672474748,0.643571986,0.598994967,0.668641324,0.55638295,0.694324011,0.571666683,0.701471439,0.660370356,0.605921879,0.61041669,0.684607542
0.599674087,0.643649711,0.596938761,0.610534855,0.644397049,0.664659885,0.673160173,0.636363339,0.598707818,0.673517592,0.559017194,0.687978137,0.569312185,0.70444314,0.663139315,0.604586099,0.610570008,0.681701149
0.601797438,0.647089915,0.598562138,0.608725423,0.646766156,0.65946212,0.673324149,0.627214311,0.600274091,0.671859875,0.558027049,0.688190433,0.569191934,0.699197642,0.664646449,0.606475573,0.611398093,0.682851726
0.602413619,0.643987772,0.597382416,0.618136305,0.650227111,0.667921912,0.67413263,0.625968349,0.601485683,0.665970591,0.5557354,0.701615411,0.569565233,0.701050494,0.666344591,0.60127884,0.610671958,0.683990437
0.603770593,0.642347313,0.599914951,0.615814773,0.651741279,0.66393263,0.672558921,0.63071337,0.605108872,0.656961501,0.556072666,0.691407748,0.570833349,0.703317523,0.669753072,0.602595221,0.612689416,0.683081302
0.604562734,0.640583775,0.60061223,0.606558774,0.652338293,0.668884879,0.673535352,0.623925151,0.605628135,0.653635743,0.557446779,0.686632535,0.571777793,0.70649802,0.671703689,0.596482826,0.615303051,0.678958569
0.608365016,0.637788784,0.603021963,0.598738592,0.653080734,0.67339304,0.673465422,0.613016637,0.604754537,0.655527282,0.560351852,0.683634575,0.572435912,0.711825788,0.673504259,0.603139688,0.617424263,0.678958054
0.61033657,0.635579045,0.604875269,0.591981946,0.654505235,0.673980679,0.67302656,0.608827741,0.603015072,0.654998375,0.562253713,0.683107113,0.57263376,0.709191208,0.675720151,0.603541766,0.61952864,0.680339328
0.612438888,0.634989577,0.605685117,0.602109478,0.655827986,0.662365108,0.671897545,0.607445404,0.603194541,0.658525661,0.564019726,0.678628489,0.571825412,0.712210694,0.678306865,0.599318694,0.613636384,0.683722049
0.615314012,0.634977045,0.608022505,0.615661049,0.655343954,0.661437728,0.673110413,0.609050886,0.604574594,0.654451933,0.56144531,0.67844128,0.56839082,0.710768496,0.680459756,0.594972141,0.613113918,0.684103388
0.616856777,0.63428994,0.609863931,0.608580737,0.652736302,0.661493948,0.671717171,0.60938488,0.60452261,0.652605651,0.559929047,0.67813467,0.569074088,0.709186949,0.681975295,0.593097686,0.616414163,0.680935665
0.617196121,0.633664337,0.611586555,0.618901788,0.653667133,0.665573383,0.671880089,0.605372378,0.605446585,0.643162402,0.559368535,0.676334179,0.571146967,0.705820045,0.684109903,0.592710252,0.615713609,0.681919304
0.617276612,0.631674409,0.613042077,0.617056769,0.654695258,0.662540932,0.671717171,0.605441465,0.606312811,0.643776717,0.559009278,0.676780406,0.570312513,0.705937592,0.685879616,0.592785013,0.61505684,0.684407566
0.619656638,0.635226905,0.614409385,0.615495614,0.656414879,0.674593309,0.672176307,0.600955548,0.607431092,0.639258923,0.558994167,0.675363786,0.569023582,0.703796845,0.687093141,0.588428423,0.614669443,0.681300353
0.621337504,0.637460181,0.616896743,0.61456763,0.658179674,0.679451642,0.671865714,0.595374308,0.608779187,0.637169091,0.557102598,0.677887636,0.568627464,0.699493962,0.687363821,0.59110798,0.617758489,0.68183072
0.622705047,0.638431772,0.618513104,0.613107977,0.659843624,0.692682785,0.671284269,0.594050212,0.610337397,0.635792732,0.555471094,0.680770378,0.569682554,0.697226143,0.688677236,0.588472054,0.615584437,0.683629114
0.62452471,0.637947629,0.620464837,0.619476687,0.662244318,0.70060345,0.671717169,0.589320102,0.611111106,0.635066585,0.554225739,0.681491777,0.570524706,0.69590801,0.689917684,0.589223919,0.616372076,0.680203358
0.625115605,0.638633227,0.623552108,0.627824617,0.663170618,0.70732217,0.672399669,0.582585818,0.611842993,0.632150896,0.554916589,0.681112897,0.569369384,0.696637948,0.687287276,0.587127393,0.616707638,0.681639415
0.62597558,0.635100318,0.624060135,0.629079391,0.66391724,0.697208472,0.672647525,0.582726146,0.611213959,0.638287889,0.556690899,0.683008704,0.57046785,0.695285519,0.684795311,0.585686457,0.618321393,0.683577125
0.627668904,0.633906238,0.625327038,0.63521105,0.665390977,0.700670799,0.67249417,0.581087977,0.611647977,0.634562309,0.558237832,0.679782852,0.571794886,0.694591217,0.682431138,0.585333128,0.619658141,0.680971366
0.628897334,0.635216224,0.6270408,0.635247334,0.665920381,0.694303866,0.671969694,0.580376349,0.61168341,0.64151876,0.558909545,0.681536789,0.573194459,0.693286888,0.675555545,0.585352402,0.621685628,0.676370765
0.629509409,0.634187498,0.629542045,0.628587316,0.666787995,0.695590003,0.671840352,0.579390026,0.611717115,0.638070451,0.560326904,0.680738109,0.572357739,0.69185566,0.673532059,0.586226534,0.623983762,0.675008572
0.631088172,0.630737564,0.629251686,0.632526017,0.667495838,0.693132305,0.671115919,0.579913505,0.613424257,0.633626572,0.561043537,0.679622568,0.573544989,0.692100834,0.674603164,0.58422694,0.625992086,0.67380633
0.63285878,0.627982713,0.631110568,0.626083575,0.666782351,0.68458851,0.670894994,0.577046546,0.613415909,0.629138484,0.561479436,0.676349741,0.574547819,0.691738222,0.674590859,0.588956091,0.621035963,0.67546685
0.633857583,0.626036958,0.631145625,0.625261521,0.666440509,0.683234213,0.671143249,0.576576144,0.614435808,0.630180133,0.56237908,0.673689157,0.576010116,0.689821616,0.671885511,0.584893465,0.616821647,0.675312825
0.635234469,0.628058855,0.631859395,0.625923766,0.666998325,0.679611864,0.67138047,0.574324629,0.615857055,0.629666919,0.563120538,0.672150373,0.575925941,0.688707683,0.672921799,0.582710554,0.617171739,0.674978608
0.635890225,0.625866296,0.632985788,0.627849616,0.668288973,0.679851476,0.671058409,0.573990283,0.617653477,0.633764419,0.562673422,0.667049689,0.577657019,0.688063686,0.673913032,0.584676188,0.61783599,0.67508185
0.637084374,0.626253169,0.633738586,0.626258927,0.669101285,0.678814032,0.671609712,0.573626711,0.617983528,0.638424911,0.562132158,0.665535775,0.578841622,0.686196883,0.67218281,0.583188842,0.619761466,0.675130388
0.638545623,0.624900958,0.634778896,0.624816147,0.669776103,0.675055066,0.671506733,0.575840171,0.619556107,0.636957301,0.563275681,0.668016424,0.57604168,0.68457498,0.669753075,0.581934969,0.621448886,0.674587017
0.639326449,0.62275797,0.634214895,0.632609455,0.670118777,0.675942067,0.671304884,0.577783777,0.620756838,0.640314754,0.563069881,0.666179394,0.577324277,0.684583248,0.66999243,0.578754193,0.623299343,0.675387802
0.640456269,0.621928812,0.63438774,0.635042654,0.671641774,0.673616099,0.671111109,0.579582458,0.62150753,0.63907877,0.563829759,0.663186185,0.578444458,0.682152363,0.670222211,0.578307663,0.624090932,0.671880029
0.641765447,0.625285517,0.634953966,0.639554759,0.673105046,0.676382459,0.671420081,0.577258975,0.623017039,0.640945904,0.562473897,0.663924267,0.57995644,0.681428781,0.671023953,0.579241781,0.625445655,0.67149459
0.642951151,0.621132049,0.635988995,0.633765574,0.673363932,0.672228223,0.671134419,0.576492629,0.623888667,0.63850834,0.56239768,0.664516178,0.580341893,0.680644344,0.667948706,0.580957262,0.626456899,0.669885443
0.6433747,0.620711052,0.635829788,0.632973814,0.67398853,0.665952798,0.672003048,0.574714984,0.625106659,0.63590132,0.563729397,0.66578207,0.580503157,0.680085476,0.669042615,0.581824859,0.627501451,0.66971379
0.643289674,0.618053445,0.636810264,0.63037399,0.67339228,0.659618161,0.672558921,0.575497162,0.626372597,0.631854675,0.564716283,0.662881484,0.581069971,0.67800529,0.666255132,0.579392119,0.629068484,0.669349168
0.643968195,0.615023645,0.637105736,0.630550148,0.674536392,0.657230443,0.671900825,0.570865635,0.626313379,0.629590344,0.565860707,0.66240928,0.582323245,0.680494616,0.663569011,0.579719818,0.630165311,0.668412786
0.644554586,0.615001115,0.638666166,0.628937414,0.675017752,0.661291838,0.671807358,0.570217896,0.625897337,0.629478732,0.567154227,0.663051366,0.582341283,0.67972777,0.663756602,0.578062651,0.63162881,0.666598748
0.644053095,0.616254019,0.637934106,0.632940609,0.67574407,0.657445725,0.67153996,0.570378138,0.626553815,0.630196328,0.567562495,0.661369239,0.583138415,0.678079198,0.664067564,0.577162953,0.632841596,0.664850914
0.644486688,0.614013704,0.638810682,0.631385852,0.676531121,0.656414574,0.671194704,0.575990626,0.626927735,0.631703464,0.569607456,0.660911931,0.584482772,0.678110501,0.664623232,0.57673651,0.63218393,0.666616547
0.644261128,0.613871668,0.63861984,0.630713199,0.67644825,0.656529051,0.671802772,0.572217574,0.626863123,0.635220965,0.570681544,0.66200552,0.585216586,0.676497935,0.665285613,0.576055368,0.633025189,0.664029079
0.644233202,0.615486104,0.638520394,0.625933692,0.676202305,0.654917735,0.672474746,0.570974781,0.627554433,0.634744538,0.569680823,0.66068509,0.586018532,0.674033662,0.665802457,0.573675808,0.634280325,0.662341959
0.644455521,0.616953954,0.639511528,0.622501863,0.677106255,0.651623653,0.672462327,0.570462862,0.628223076,0.634911293,0.570631294,0.657197722,0.587158483,0.673516334,0.666302356,0.572602205,0.635680599,0.660683833
0.64485465,0.62138834,0.639565489,0.618333567,0.677981046,0.646923755,0.672857607,0.566927026,0.627816495,0.631132514,0.569320494,0.65754506,0.587096788,0.674516308,0.66654718,0.571268704,0.635141763,0.661955123
0.64493934,0.621160815,0.639050844,0.623176659,0.677722482,0.644331111,0.672679171,0.563378877,0.62861928,0.629517943,0.570499803,0.656076696,0.588359802,0.673840633,0.66690181,0.570740403,0.636604159,0.660358096
0.645853132,0.622605324,0.639588634,0.621874694,0.678793516,0.643190022,0.672506311,0.566114253,0.629318461,0.627392979,0.572307154,0.653656112,0.589236125,0.672540648,0.667245357,0.571028424,0.637606557,0.657596891
0.646270835,0.62354438,0.639403439,0.624596591,0.678071166,0.643880995,0.672416471,0.569368811,0.629223032,0.624578842,0.573649727,0.652035846,0.589145313,0.670466756,0.667464375,0.568648541,0.638752937,0.656035385
0.646963932,0.624923094,0.638914643,0.625336909,0.677219944,0.650742688,0.672252829,0.570964401,0.629435048,0.624373338,0.574145686,0.653344692,0.589730654,0.670075103,0.668462389,0.568017211,0.639864578,0.655042246
0.647466087,0.626029319,0.639049636,0.626651239,0.677804989,0.649917737,0.671943311,0.574420139,0.630165748,0.627314328,0.573197814,0.653131799,0.589303498,0.670549149,0.669098937,0.566896507,0.640603822,0.653144796
0.646835156,0.626541501,0.639405748,0.628608076,0.678445989,0.648583009,0.671791441,0.572240838,0.631096653,0.626995158,0.572747158,0.65118143,0.589542499,0.669129403,0.669281033,0.565190247,0.640597171,0.653866418
0.646773568,0.627321444,0.639825481,0.62434353,0.679068409,0.647276812,0.671790365,0.571223024,0.631345125,0.625843928,0.571384494,0.65238359,0.590257664,0.668434291,0.669350497,0.56710811,0.641194577,0.6539609
0.646659421,0.626937578,0.640160336,0.624725946,0.679815193,0.651331905,0.671933619,0.571625981,0.63180186,0.623644095,0.571656509,0.651534634,0.589682555,0.668567365,0.669841257,0.565485703,0.64231604,0.652575784
0.64622717,0.625032765,0.640342038,0.623907132,0.680470868,0.653171741,0.671717169,0.574630578,0.632458058,0.624084119,0.57162119,0.650643734,0.589358387,0.666570103,0.670735512,0.564507092,0.641912101,0.650812539
0.646968734,0.624601451,0.640447832,0.626079883,0.680762836,0.654961254,0.671576877,0.574828966,0.633096029,0.623552401,0.57291664,0.649951315,0.58834878,0.666999313,0.671604926,0.564128926,0.641624602,0.649702729
0.647742067,0.625495867,0.640410945,0.622355758,0.68063789,0.654510697,0.671440429,0.572951942,0.633096985,0.62176334,0.573666543,0.646743574,0.589649938,0.664653284,0.672247578,0.562884096,0.642071421,0.647814507
0.648237588,0.623644448,0.640581895,0.618679685,0.681054172,0.655732978,0.671717169,0.575234352,0.633641172,0.620648453,0.574539939,0.643509212,0.590840855,0.663021903,0.673173161,0.562115875,0.643069228,0.648522775
0.648060833,0.622121455,0.641156449,0.617763313,0.680729668,0.655379598,0.671717169,0.573754572,0.634103846,0.621308236,0.575035434,0.641443957,0.589703718,0.6644197,0.674271593,0.562229927,0.644040427,0.646927036
0.64818891,0.622116437,0.641581618,0.615382718,0.68061009,0.654051504,0.672514617,0.574311339,0.634818824,0.622880494,0.576217778,0.64004463,0.589400598,0.662941393,0.674853789,0.560330433,0.644736865,0.64772294
0.648659322,0.620983465,0.642857129,0.612103567,0.681268963,0.649737467,0.67309458,0.571208874,0.635645755,0.626007781,0.575918735,0.640993244,0.590043304,0.664312769,0.675901864,0.560617266,0.645415214,0.646450622
0.649263913,0.619527638,0.643511236,0.608609888,0.681974725,0.648971506,0.673789172,0.569638485,0.636064934,0.626161583,0.576309302,0.638414758,0.59081198,0.66352144,0.676543198,0.558780888,0.64646467,0.64627431
0.649516288,0.618567838,0.644213367,0.608469246,0.682536667,0.651965426,0.673826874,0.567772042,0.636791546,0.626752954,0.577093968,0.637777362,0.591420548,0.662635478,0.677168296,0.557194625,0.647247818,0.64648798
0.649809882,0.618280145,0.644005088,0.613177538,0.681965157,0.652183392,0.674242422,0.567125823,0.637248737,0.625933719,0.577659548,0.637694309,0.590625014,0.662176482,0.677407396,0.557758559,0.648011388,0.647728847
0.649814576,0.617965451,0.644242868,0.615454599,0.682513342,0.652827051,0.674772413,0.567919986,0.636702022,0.622665056,0.578867848,0.637987578,0.590672167,0.662210779,0.67800639,0.559213456,0.648615812,0.64559201
0.650282849,0.617626606,0.644848169,0.617449624,0.682502107,0.655837805,0.675351069,0.57215411,0.636168642,0.619016708,0.579916942,0.637714421,0.590379417,0.66064965,0.678771443,0.558673581,0.649205494,0.644154246
0.650648216,0.616978021,0.645500354,0.616463826,0.682311318,0.657050922,0.675915782,0.572544507,0.6367379,0.617455683,0.581261188,0.639569055,0.591030803,0.659524125,0.679696553,0.560089544,0.649552781,0.644500804
0.650552232,0.615063857,0.645954796,0.613911104,0.682717349,0.653015989,0.675986049,0.572704451,0.637293605,0.617864624,0.582573428,0.637794786,0.591865093,0.658754551,0.680158719,0.560066906,0.649576143,0.645989703
0.650995299,0.614664187,0.645618233,0.611949222,0.683113826,0.650490578,0.675401067,0.576878263,0.637008566,0.616264516,0.583479322,0.639384571,0.592614392,0.659125344,0.68104574,0.560259399,0.650311968,0.643824238
0.651428062,0.613034298,0.645942083,0.611445171,0.683616783,0.646749946,0.676004226,0.579701166,0.637080746,0.615368445,0.584673402,0.63786102,0.594056861,0.658992348,0.681739868,0.557945168,0.650678319,0.643335806
0.65198199,0.613120476,0.646375777,0.610479925,0.683021656,0.643626197,0.676303261,0.580317369,0.637902148,0.616283124,0.585962312,0.638785536,0.594636029,0.657903666,0.682503182,0.556988579,0.650731477,0.643122052
0.652350497,0.612948076,0.646567703,0.612934633,0.682892339,0.64491551,0.67636593,0.580431534,0.637791222,0.617113169,0.586617478,0.637518033,0.594949509,0.657372915,0.682912447,0.557682614,0.651429088,0.64271217
0.65283889,0.612412471,0.647271253,0.610789947,0.68304543,0.641260033,0.676427192,0.581926523,0.63824741,0.618966893,0.587915345,0.638369116,0.595880163,0.657129608,0.683645432,0.55807605,0.652323824,0.641564735
0.653274183,0.611565665,0.647052139,0.607829315,0.683360956,0.640728602,0.676992142,0.582729646,0.63785594,0.620059955,0.587765931,0.637956968,0.596296309,0.656849467,0.684279824,0.557185369,0.652651539,0.641313221
0.653741691,0.612269428,0.647342438,0.608221573,0.683669547,0.640052515,0.676989675,0.581452766,0.6378044,0.621259032,0.588087418,0.636388664,0.596214909,0.65668628,0.685144474,0.557000528,0.653096927,0.639574681
0.654157708,0.613100594,0.64757097,0.605863161,0.683917353,0.639637148,0.677316643,0.581127934,0.637480876,0.620970888,0.589269169,0.634905849,0.596859916,0.655497934,0.685829296,0.557834983,0.653532632,0.639137344
0.654523893,0.612433288,0.64812375,0.604029362,0.684373813,0.637910262,0.677853805,0.583437226,0.637434478,0.619005966,0.588938432,0.636218321,0.597610527,0.654251248,0.686180793,0.557227798,0.653999698,0.637288805
0.654841837,0.611044713,0.648990432,0.606369969,0.684767634,0.637599682,0.678057166,0.582525753,0.637977114,0.618068911,0.588218625,0.634673123,0.598286065,0.654540382,0.687076427,0.556180068,0.654577716,0.635683956
0.654432656,0.609727824,0.649462928,0.605714921,0.684524727,0.634230426,0.678362572,0.582286809,0.638402533,0.618278891,0.588633793,0.63224265,0.598654983,0.654331979,0.687329423,0.555962139,0.65506382,0.633999556
0.654705319,0.60938643,0.64992558,0.605454863,0.684131409,0.63480614,0.678661615,0.582485192,0.638662054,0.616845928,0.589649797,0.630016469,0.599189828,0.654417036,0.68773147,0.557102813,0.655421426,0.632749443
0.655168355,0.609856927,0.650220897,0.604973937,0.68405394,0.6380506,0.678954492,0.581982603,0.638605392,0.617654136,0.59037067,0.632133061,0.599370001,0.654060566,0.688201592,0.55688512,0.656162161,0.632854485
0.655427946,0.609869682,0.650197819,0.606861204,0.683978052,0.634778636,0.678880642,0.580394447,0.639165207,0.617555548,0.590262675,0.633313949,0.600000013,0.653746159,0.68866212,0.554895315,0.656733172,0.633405208
0.655720701,0.609961971,0.65048442,0.60666847,0.684406234,0.632308714,0.678859298,0.579757358,0.639612196,0.61886255,0.589780761,0.632316368,0.600448946,0.653156291,0.689113345,0.553995675,0.65736917,0.632993924
0.655817486,0.609901973,0.651071413,0.605626796,0.684825853,0.634010153,0.679343433,0.583083216,0.639798989,0.617897351,0.590372315,0.629587404,0.601388902,0.653284864,0.689555545,0.553855758,0.657500024,0.632463836
0.656251172,0.610009017,0.651596266,0.607643142,0.685976043,0.632251538,0.680018,0.582476046,0.639932329,0.618167687,0.591689463,0.629117468,0.601760189,0.652886788,0.69020901,0.553675865,0.658265851,0.632807707
0.656639077,0.609788908,0.651010388,0.612036647,0.686957352,0.631104972,0.680728856,0.583032063,0.640555713,0.617934148,0.59313723,0.629678324,0.602396527,0.652756627,0.690922284,0.5532551,0.659090933,0.632912778
0.657536265,0.609974624,0.651178902,0.61131824,0.68796791,0.635068696,0.681278806,0.582122123,0.641362144,0.618125269,0.594763454,0.630615986,0.603452009,0.651568832,0.691405958,0.55376576,0.659679341,0.630833539
0.657831233,0.609482705,0.652080047,0.610690255,0.68881552,0.633437158,0.68201243,0.583617766,0.641959792,0.618980148,0.595949239,0.631405323,0.603739329,0.651711417,0.692022782,0.554582682,0.659928637,0.631974292
0.658229219,0.609476746,0.653012618,0.610030148,0.689552221,0.633340407,0.682683981,0.584604057,0.642546057,0.618325427,0.597264413,0.630822747,0.604285727,0.652060643,0.692627856,0.553741695,0.660570009,0.630512366
0.658691437,0.609964725,0.652579884,0.611723473,0.690321958,0.633874537,0.682961691,0.583419167,0.643168666,0.619423394,0.597500979,0.631407479,0.605188692,0.652525943,0.692033533,0.552641072,0.661449423,0.631022364
0.659180551,0.609746755,0.653490353,0.610453289,0.690937817,0.631917106,0.683423013,0.584177138,0.643450892,0.617206154,0.599025627,0.631780123,0.605763252,0.651680929,0.692004143,0.552494367,0.661993793,0.630674555
0.659449369,0.608179458,0.653911549,0.610262848,0.691772601,0.630421646,0.684296669,0.584794078,0.643262603,0.617838473,0.59978327,0.632562477,0.606532934,0.651759848,0.691289427,0.552823887,0.662493009,0.630368342
0.659783021,0.608652815,0.654231402,0.607896546,0.691998705,0.629574684,0.684644609,0.585032402,0.643999809,0.616643945,0.600087815,0.630817298,0.607135589,0.651316119,0.691743109,0.553062487,0.662739806,0.63037572
0.659972342,0.607007151,0.654313528,0.610196506,0.692672981,0.626758264,0.685261706,0.585214251,0.644038367,0.617358426,0.601160517,0.632448067,0.606818195,0.651175881,0.691986521,0.552171614,0.663223164,0.630006279
0.660261017,0.607241555,0.654302246,0.614325883,0.692976541,0.628915281,0.685685684,0.584753686,0.64471003,0.617000625,0.602453493,0.632767834,0.607807821,0.651148398,0.692359015,0.552749789,0.663697812,0.630264437
0.660510588,0.606941735,0.654655597,0.617513898,0.693630047,0.627034342,0.685786434,0.583206985,0.645459433,0.617606571,0.602393593,0.63285824,0.60714287,0.651740528,0.692857132,0.551864348,0.664231625,0.629752852
0.660957632,0.604858469,0.655183296,0.616483417,0.694492124,0.627554565,0.685930096,0.583528176,0.646017692,0.61835647,0.602146464,0.633431811,0.60732548,0.652232069,0.692494254,0.551926123,0.664688948,0.629883203
0.661430187,0.60429843,0.655477965,0.615599105,0.695077228,0.627237567,0.685938329,0.581180121,0.644626635,0.618298805,0.60199699,0.63471379,0.607699819,0.65326497,0.692982446,0.553510627,0.663078173,0.630273885
0.661233257,0.605861113,0.656078068,0.616079004,0.695825204,0.62776004,0.685858584,0.583702835,0.643434557,0.618930995,0.603006452,0.634781104,0.607487936,0.654530329,0.692431551,0.553394218,0.663801077,0.630176033
0.660974166,0.606390854,0.655304347,0.615899999,0.695745393,0.627337866,0.686215603,0.582398658,0.642912833,0.619215775,0.602806286,0.634545674,0.607567063,0.657044228,0.692273297,0.553783391,0.663956397,0.629753563
0.661239475,0.606881402,0.655808461,0.615162417,0.695071633,0.627567866,0.686393851,0.581131249,0.642571827,0.618492727,0.602927781,0.635073106,0.607739805,0.654980459,0.692687549,0.553904226,0.664141437,0.628860729
0.661306949,0.608295389,0.656433744,0.61707348,0.695674154,0.627565162,0.687039889,0.581493876,0.642023671,0.618189253,0.603272605,0.635083067,0.607956699,0.653924604,0.69202761,0.55440521,0.66474065,0.628036648
0.66121353,0.608663961,0.656748398,0.615944686,0.696266548,0.628040082,0.687505304,0.58077672,0.642329287,0.618916012,0.603969224,0.634975639,0.608356689,0.653615817,0.692187975,0.553516771,0.665329791,0.630170966
0.661375154,0.608358557,0.657185358,0.613670696,0.696931989,0.626777818,0.687415823,0.582700404,0.642922941,0.619498619,0.604077991,0.634669126,0.608611125,0.65282766,0.691481471,0.552994474,0.665877548,0.630101816
0.661848344,0.607771291,0.65757293,0.612728893,0.69733973,0.625998008,0.687870438,0.581758109,0.643506784,0.620508947,0.604712479,0.635701738,0.608677699,0.652177955,0.691827354,0.552108599,0.666510165,0.630353265
0.662313777,0.607397004,0.658414169,0.61337422,0.697944685,0.626031354,0.688110613,0.581770501,0.643380832,0.621568303,0.605641762,0.635966763,0.60828781,0.652613254,0.691863984,0.551086767,0.667070316,0.631079705
0.6624316,0.607304933,0.658785449,0.611071126,0.698418459,0.629218851,0.688511126,0.583479082,0.643052655,0.620730969,0.605820769,0.636165291,0.607994593,0.652660682,0.692020465,0.550790267,0.667436583,0.630764334
0.662302215,0.605559821,0.659315323,0.612145007,0.69904508,0.629458523,0.68882372,0.583438846,0.641838217,0.62302187,0.606125577,0.636630088,0.607706107,0.652192343,0.692234159,0.550259492,0.667705302,0.629717158
0.662722429,0.606127851,0.660081616,0.614312619,0.699741276,0.62710944,0.68921212,0.583770415,0.641246225,0.62207144,0.607191466,0.63709822,0.607555569,0.652433994,0.692029618,0.549555506,0.668151538,0.629579525
0.662924734,0.606498267,0.660592793,0.613793684,0.700031571,0.625632071,0.689033188,0.585561215,0.641062449,0.621907044,0.607860497,0.637400976,0.607451512,0.652712941,0.69212227,0.549838046,0.668440379,0.629458696
0.663213671,0.608143164,0.660975398,0.613143656,0.699964726,0.626643188,0.689214983,0.585255276,0.641079406,0.621592049,0.608644641,0.636412032,0.60691165,0.65244254,0.69180518,0.550186681,0.668843975,0.629104031
0.663260451,0.607490237,0.660913568,0.61285219,0.70044308,0.624495976,0.68963068,0.584479629,0.641684981,0.620923208,0.609208754,0.637140529,0.606640639,0.652118313,0.692245359,0.549145106,0.669241264,0.628369473
0.663778107,0.607040736,0.660378089,0.612382111,0.70087545,0.629590314,0.68996163,0.583224379,0.642164303,0.620019729,0.609846588,0.63685856,0.606804493,0.651402195,0.692621292,0.549330395,0.66960303,0.626553118
0.663936819,0.606358721,0.660518037,0.615903764,0.70153079,0.629373854,0.690287489,0.582336492,0.642636251,0.619879462,0.610433692,0.635845009,0.60658121,0.652378341,0.692136741,0.549023843,0.670046643,0.625209678
0.664064082,0.605988515,0.661084265,0.613773239,0.701948257,0.628789636,0.690492712,0.58127358,0.643139354,0.619645675,0.609509479,0.634302818,0.606106884,0.652727869,0.692225038,0.549138406,0.670367824,0.623387556
0.663930171,0.60598475,0.661641914,0.611979401,0.70262323,0.630849752,0.690733087,0.581808871,0.643825179,0.618831995,0.610452911,0.634650191,0.605976445,0.652873793,0.691975297,0.548854678,0.670626745,0.622715617
0.664026983,0.606059433,0.662037732,0.611612574,0.701829183,0.633641867,0.690704031,0.580416171,0.644122863,0.619798971,0.611062207,0.633751628,0.605472027,0.653152925,0.69217487,0.547950414,0.670682411,0.622018158
0.664008848,0.606138825,0.662656091,0.611047819,0.702494971,0.632343874,0.690939241,0.579608836,0.644791113,0.619925448,0.61043186,0.634715358,0.605099516,0.653303642,0.691818673,0.548178488,0.670963389,0.621261406
0.664103642,0.606276309,0.66220709,0.612082042,0.702745515,0.632124591,0.691096145,0.578018312,0.644295545,0.620219248,0.610953484,0.634934756,0.604732524,0.653314207,0.691467752,0.547952385,0.671380495,0.620377233
0.664057253,0.605175055,0.662890141,0.610867202,0.70332161,0.634167165,0.691473557,0.576961779,0.644989647,0.619885816,0.611232768,0.6347669,0.604330079,0.653618014,0.691721121,0.547190115,0.671707911,0.620782591
0.663928279,0.605231534,0.663488738,0.60912273,0.70399824,0.63595698,0.691808595,0.575396521,0.645490218,0.62110403,0.61108089,0.635651782,0.603974061,0.653433674,0.691646379,0.546438166,0.672002899,0.620890137
0.664104255,0.605537598,0.663117406,0.609477528,0.703439309,0.640575138,0.692211973,0.574066299,0.645910706,0.620853492,0.611702105,0.635109335,0.603743975,0.653500324,0.691250659,0.547052169,0.671442711,0.621453826
0.664058862,0.605671561,0.663265291,0.610976118,0.703926395,0.639342036,0.692500543,0.574488334,0.646325144,0.619658944,0.612237847,0.635000738,0.603477232,0.653524503,0.691446831,0.548858395,0.671626359,0.620215642
0.664394346,0.605577494,0.663739052,0.609006845,0.703766864,0.641717226,0.692784991,0.576116342,0.646769555,0.618534308,0.612196026,0.634580205,0.60337303,0.653432857,0.691269829,0.548812589,0.671672102,0.618802229
0.664347539,0.604177839,0.664278462,0.611796469,0.704103579,0.639437601,0.692062466,0.57756439,0.647172023,0.618720429,0.612871564,0.634378112,0.603270305,0.653124865,0.691778291,0.548859521,0.671690331,0.617370588
0.664676265,0.603731053,0.664666556,0.612538714,0.704645769,0.639745922,0.692097024,0.578436794,0.647498046,0.617494513,0.613387751,0.63425863,0.603012533,0.653535599,0.691914438,0.549608146,0.67189503,0.617408935
0.664601553,0.602849227,0.665191936,0.610999209,0.704519345,0.639550185,0.692484281,0.577902029,0.648065495,0.617412008,0.613933916,0.634903043,0.603146867,0.653356497,0.69168608,0.548851811,0.672308776,0.617564487
0.664527878,0.602620202,0.665036834,0.612927246,0.704394677,0.639463295,0.692725867,0.577564068,0.648555269,0.616617267,0.61462025,0.634584899,0.603047853,0.653101183,0.691460893,0.548356575,0.672322204,0.61723454
0.664507665,0.601891179,0.665094989,0.61128802,0.704683463,0.637266412,0.693173108,0.579754173,0.648934319,0.616653504,0.614966962,0.635680467,0.602988519,0.653232262,0.691698583,0.548527474,0.672335447,0.618372392
0.6644096,0.603168543,0.665536748,0.609707508,0.705206826,0.635071353,0.693545037,0.57981164,0.649308177,0.616725986,0.615272493,0.635490693,0.602891946,0.653614223,0.692034488,0.548049204,0.672556064,0.617446965
0.664390466,0.603439891,0.66607662,0.609562082,0.705046181,0.636123508,0.693396548,0.580439935,0.649608579,0.616303636,0.615790975,0.634755946,0.602872273,0.654007638,0.692214652,0.547508069,0.672747911,0.617037703
0.664525737,0.604300421,0.666609197,0.611123583,0.704988554,0.637759646,0.693693691,0.579818979,0.649938876,0.61482037,0.616410271,0.634189874,0.602890404,0.654247184,0.692492481,0.547353112,0.672706822,0.616814399
0.664608156,0.603925196,0.666586755,0.610949872,0.705432552,0.638650484,0.693986845,0.579942897,0.650433367,0.614582398,0.617164051,0.632444542,0.602982862,0.654524387,0.692120296,0.547451838,0.67312388,0.617300755
0.664917612,0.604017581,0.66598638,0.611911609,0.7060033,0.638394518,0.694175081,0.579665886,0.650519255,0.613242136,0.615744659,0.634259189,0.602888902,0.655428327,0.691999988,0.54657123,0.67335861,0.617300307
0.665021524,0.604484525,0.666238666,0.611456471,0.706434698,0.638162894,0.694461165,0.579042656,0.650870237,0.613978417,0.614344067,0.635325836,0.603053729,0.655481831,0.692224663,0.546494333,0.673615316,0.61644571
0.665049024,0.604350265,0.666789728,0.611319982,0.707089536,0.637877895,0.694677031,0.578450106,0.651216601,0.613184024,0.612961904,0.635509373,0.60296054,0.655754996,0.692592581,0.546524591,0.673968326,0.616792201
0.664951907,0.603953643,0.667100159,0.610620658,0.706435128,0.638317651,0.694923084,0.57779158,0.651558437,0.613076798,0.612049763,0.635489328,0.603050122,0.656301727,0.692713617,0.547359934,0.674291963,0.615533325
0.66455977,0.603919989,0.667240908,0.611872561,0.706919929,0.63991105,0.695133147,0.577682531,0.651895834,0.613383118,0.612323824,0.635650678,0.603174617,0.656104048,0.692929281,0.54781148,0.674635994,0.615295914
0.664835025,0.604862636,0.667741921,0.613083734,0.707494768,0.639178598,0.695405667,0.576740854,0.652358558,0.612798518,0.612285496,0.635880771,0.603512558,0.655830562,0.693333322,0.547868994,0.67492671,0.614290794
0.664838642,0.604862556,0.668236511,0.611221639,0.707743318,0.638928548,0.695707068,0.576084471,0.652622076,0.612274238,0.612077174,0.636524208,0.603953005,0.655513966,0.693589732,0.546910834,0.675286543,0.613703729
0.66532658,0.60626822,0.668789794,0.614261764,0.708147146,0.636923558,0.696197642,0.574791975,0.653010266,0.612336809,0.612210304,0.636616019,0.604317069,0.655226083,0.693842876,0.545896185,0.675472906,0.613046984
0.665182649,0.606675578,0.669336075,0.614315895,0.707664194,0.635867474,0.695818946,0.573888059,0.65352076,0.611429368,0.61271207,0.636508872,0.604535878,0.655043196,0.693999051,0.545187487,0.675752805,0.613775658
0.665279666,0.605701551,0.669971748,0.61417112,0.70800086,0.635836838,0.696207354,0.573998512,0.653835205,0.611013777,0.613040256,0.636570653,0.604821816,0.65427058,0.694013499,0.544285443,0.676005361,0.613189232
0.665185356,0.606478497,0.670408149,0.612681411,0.708426601,0.635312275,0.696401512,0.574180713,0.65414572,0.610981005,0.613364339,0.636996444,0.605138902,0.653446442,0.694166655,0.543650462,0.676207411,0.612983863
0.665753484,0.606825952,0.670902508,0.614884521,0.708012715,0.636845042,0.696561889,0.573499101,0.654546013,0.609593742,0.613320976,0.636547882,0.605452049,0.653593277,0.693857821,0.542845603,0.676477532,0.612858849
0.665727827,0.606287032,0.671075823,0.615850263,0.707665361,0.636885088,0.696813814,0.571906764,0.654755249,0.609721882,0.613934834,0.636530786,0.605555569,0.653730514,0.6935528,0.54221143,0.676744319,0.612119749
0.665212619,0.606379409,0.670965304,0.618213611,0.707169657,0.63724261,0.697062648,0.570333402,0.655085233,0.608485324,0.61431273,0.635797247,0.605930484,0.652599882,0.692842524,0.541485954,0.677031071,0.610912731
0.664981911,0.605890537,0.670825023,0.616363391,0.707620418,0.635303278,0.697308447,0.568940665,0.655411193,0.607586645,0.614458981,0.636664348,0.606266951,0.65262937,0.692953917,0.541316326,0.677383616,0.611086724
0.665468367,0.606267156,0.671335793,0.617497692,0.707432518,0.63364368,0.697673703,0.567979958,0.655550471,0.608230989,0.614893594,0.636055504,0.60656567,0.651793571,0.69239056,0.541537576,0.677617104,0.610360718
0.665536666,0.605491665,0.671748203,0.618877406,0.707726412,0.637322395,0.698034559,0.567683945,0.655960517,0.608135234,0.615162756,0.636523142,0.606827322,0.651908084,0.692458711,0.540909415,0.678053146,0.610112114
0.66594567,0.605297208,0.671911265,0.620477672,0.707778457,0.635466045,0.698421336,0.569337258,0.656365652,0.609019525,0.61504648,0.636134379,0.607185642,0.652152692,0.692348624,0.541221399,0.678257146,0.608780629
0.666146111,0.605476434,0.672254602,0.621897652,0.70788911,0.633556751,0.698412695,0.568569739,0.656646318,0.609238883,0.615469836,0.635994239,0.607539696,0.652392535,0.692636672,0.541271602,0.678458718,0.6090418
0.666051697,0.606327054,0.672624065,0.621323384,0.708204523,0.634126894,0.698434041,0.5701232,0.656715521,0.610455151,0.616014078,0.635361399,0.60779094,0.651660148,0.692570665,0.540568609,0.678254462,0.609087375
0.66598076,0.606311161,0.672629038,0.619855289,0.708340634,0.634228523,0.698455137,0.569400189,0.656990827,0.610171951,0.616364183,0.634816965,0.608104589,0.652089978,0.692766872,0.539905371,0.678319989,0.607829068
0.665977359,0.605779147,0.672425096,0.620169933,0.708620624,0.632410508,0.698771336,0.569260451,0.65720414,0.610196829,0.616585768,0.634207176,0.60838208,0.652037461,0.692657557,0.538871736,0.678584111,0.607269337
0.665996104,0.604656636,0.672371842,0.621471199,0.709041983,0.630590256,0.698937042,0.570031738,0.657531836,0.610115222,0.616897553,0.633010657,0.608591745,0.65141359,0.692764845,0.538922971,0.678955274,0.607521247
0.666256396,0.605860213,0.672791068,0.61985165,0.70934344,0.633061243,0.699100832,0.570184782,0.657971932,0.611470867,0.617359466,0.634400623,0.608606307,0.65013148,0.69291371,0.538952144,0.679234566,0.607111485
0.666382583,0.606139482,0.673000221,0.618922245,0.709898766,0.631510886,0.699117611,0.569444379,0.658118168,0.611761727,0.617877209,0.635364555,0.608397203,0.650414811,0.693188578,0.538304965,0.679619495,0.607153021
0.666463873,0.60505484,0.673236137,0.618476345,0.709793871,0.629720991,0.699422797,0.569155585,0.658234018,0.611887193,0.617872318,0.63612033,0.608603188,0.650628548,0.693502633,0.538504164,0.679935089,0.606501266
0.666587447,0.604296562,0.673208474,0.617125266,0.710170721,0.62875283,0.699667124,0.569827408,0.658234344,0.611199493,0.61807904,0.635847012,0.60852274,0.650733258,0.693813119,0.538251201,0.680333185,0.606524029
0.66640888,0.60492478,0.673699974,0.616872253,0.710346556,0.628195787,0.699880155,0.569730469,0.658546963,0.61075534,0.618163218,0.636146524,0.608882625,0.650051415,0.693701599,0.537039833,0.680705382,0.607153841
0.666744986,0.604790657,0.674271942,0.616376898,0.710660166,0.628553533,0.699920551,0.568304199,0.658799607,0.609547933,0.618216569,0.635783615,0.609269676,0.650018738,0.693632946,0.536307636,0.680945717,0.605785462
0.667247271,0.604647016,0.674723507,0.616423686,0.71116483,0.626863209,0.700129787,0.568680263,0.659189794,0.609864883,0.618328755,0.636036081,0.609559293,0.649581027,0.693813354,0.535829519,0.681162204,0.605709984
0.667680603,0.606083641,0.674829918,0.615764917,0.711249293,0.626907611,0.700364756,0.5679013,0.659519812,0.609054568,0.618498796,0.635547434,0.609969149,0.649357751,0.6938683,0.535874176,0.681481505,0.604999113
0.668088141,0.605132103,0.675245222,0.616644253,0.711635178,0.626479916,0.700485516,0.568297643,0.659596315,0.607949165,0.618843283,0.635484698,0.610282395,0.650221826,0.694086339,0.536061222,0.681943771,0.604976375
0.668052475,0.604341858,0.675796129,0.616224091,0.711743464,0.625812757,0.700577198,0.567525056,0.659865251,0.607628017,0.619125533,0.6354292,0.610531149,0.65092973,0.693528681,0.536525542,0.682151206,0.605029802
0.668245751,0.603377397,0.676034334,0.616251506,0.712122431,0.626082046,0.700861067,0.56640935,0.660158708,0.607292074,0.619375632,0.635089651,0.610625393,0.650576985,0.693503327,0.535488179,0.682584061,0.605299644
0.668705566,0.604085186,0.676436322,0.615281325,0.712389124,0.628733988,0.701059506,0.566625111,0.660558217,0.607344713,0.619189386,0.634965725,0.610748805,0.650269279,0.693397733,0.535016748,0.683053384,0.605361842
0.668543824,0.602782885,0.676199655,0.616310718,0.712572257,0.62847231,0.701146599,0.567148502,0.660844755,0.607079996,0.619608949,0.635476778,0.610750764,0.649988794,0.693613601,0.535166647,0.683169557,0.605130405
0.668751784,0.601908392,0.67651414,0.614909054,0.712512689,0.628793178,0.701395675,0.565789607,0.661101196,0.606657123,0.619623634,0.635309241,0.610961781,0.649844813,0.693070478,0.535815303,0.683610321,0.603918177
0.668713523,0.602020077,0.67666156,0.617296254,0.712746412,0.630019483,0.701507047,0.565097532,0.661516128,0.607000113,0.619951053,0.635095137,0.611289377,0.649446466,0.692533163,0.535286471,0.684066626,0.603864221
0.66827117,0.602394355,0.676617442,0.619725853,0.713162892,0.629770164,0.701456047,0.565067784,0.66173954,0.606274832,0.620274989,0.634316521,0.611377082,0.649413618,0.692750185,0.535734499,0.684356891,0.603077936
0.668074914,0.601590486,0.676708765,0.621187156,0.713443349,0.628630212,0.701726255,0.565046749,0.662120115,0.606564067,0.620370348,0.63429948,0.611581436,0.648638862,0.692377021,0.536187929,0.684644084,0.602965909
0.668481083,0.601217469,0.677067655,0.621652427,0.713851777,0.629093946,0.701834128,0.564912292,0.662390893,0.607179776,0.620436708,0.633879288,0.611754399,0.6487446,0.692436635,0.536175605,0.684429849,0.60361382
0.668723742,0.600950697,0.677609774,0.622465336,0.714099642,0.630851781,0.702073084,0.564176921,0.662606216,0.607968985,0.620864409,0.633947697,0.611983725,0.648403209,0.692495625,0.535407364,0.684812812,0.603603718
0.668983677,0.600159799,0.67793366,0.622394656,0.714344925,0.629766829,0.702125418,0.56403125,0.662923986,0.608412449,0.62103832,0.634054689,0.612094921,0.648325565,0.69251542,0.535067424,0.685231243,0.603932245
0.669300021,0.600031601,0.67830706,0.622114104,0.714716556,0.631086284,0.702334221,0.563421767,0.663290537,0.608423915,0.62134823,0.634058298,0.612118608,0.648520207,0.692611771,0.535370337,0.685664964,0.603928415
0.669358311,0.599479008,0.678702911,0.620570878,0.715084355,0.630355103,0.70246277,0.563228203,0.663601504,0.607461263,0.621792037,0.633579816,0.612371147,0.648227353,0.692248938,0.534726671,0.686035638,0.60413058
0.669610992,0.599470898,0.67914703,0.619699603,0.715218761,0.629971062,0.70259,0.56249962,0.663909281,0.607170541,0.622231293,0.634212571,0.612592606,0.648634767,0.69230768,0.534378149,0.686266536,0.603367293
0.669899894,0.599199057,0.679508525,0.618153631,0.715554862,0.629019355,0.702587093,0.562040025,0.664137003,0.606539417,0.622611789,0.633111324,0.61272677,0.648926344,0.692025687,0.533907393,0.686611032,0.603054228
0.669452427,0.599092976,0.679944045,0.61663648,0.715963314,0.63121874,0.702738038,0.562028413,0.664413429,0.606739201,0.622610411,0.633230209,0.612972376,0.648510384,0.692084966,0.533896611,0.686952031,0.602745324
0.669681602,0.599608201,0.680400935,0.615989019,0.716141498,0.629627344,0.702912966,0.560791963,0.664636304,0.607060679,0.622904556,0.63262113,0.613103268,0.648363257,0.691619891,0.534166471,0.687327848,0.602210288
0.669755617,0.600125745,0.680443018,0.61558161,0.716567897,0.628047583,0.703086135,0.562093609,0.664882191,0.607205193,0.623169014,0.632261196,0.613177009,0.647858892,0.691755059,0.533844747,0.687642783,0.602037212
0.670114063,0.60035482,0.680892844,0.616912831,0.71689053,0.628033005,0.702929291,0.561772689,0.665226122,0.607036127,0.62348402,0.632288888,0.613333346,0.647603177,0.691666654,0.533159441,0.688011388,0.601587935
0.670166273,0.600337965,0.681414343,0.617183,0.716467397,0.629769074,0.703477559,0.561228503,0.665491628,0.607060545,0.623875282,0.631461453,0.613902722,0.647231298,0.691947657,0.532974544,0.688225563,0.601395213
0.67059443,0.600354242,0.681905422,0.615865096,0.716614928,0.628650719,0.7040204,0.560133778,0.665953521,0.608267656,0.624394332,0.630984092,0.614438957,0.646446575,0.691969185,0.532311901,0.688718896,0.601183278
0.670943447,0.600085839,0.682492195,0.614419791,0.716859037,0.629245579,0.704433495,0.558999283,0.666485126,0.60768718,0.624855863,0.631225626,0.61516148,0.645417899,0.69202699,0.532276725,0.689132731,0.601420707
0.671214488,0.599777728,0.682848126,0.613946378,0.717100754,0.627713056,0.705015843,0.558387337,0.667011519,0.607641818,0.62476531,0.633119929,0.61535949,0.645447477,0.692302094,0.532086397,0.68952394,0.602179585
0.67151998,0.599530903,0.683325024,0.613304142,0.71692754,0.627414051,0.705296869,0.559072565,0.667483751,0.607100584,0.625246475,0.632640003,0.61571817,0.646030586,0.692574514,0.532309176,0.689911333,0.601304531
0.67178559,0.599037837,0.683623922,0.613737495,0.717118275,0.628451041,0.705599684,0.559302526,0.668097762,0.607269855,0.625542222,0.632221455,0.616370024,0.645927733,0.692736414,0.531661984,0.690239801,0.601727336
0.672011897,0.599452208,0.684043169,0.614460313,0.71677841,0.630786505,0.706045965,0.558648576,0.668268872,0.607658963,0.625963592,0.631561439,0.616586164,0.64604144,0.692860965,0.530847866,0.690711487,0.601788567
0.672126347,0.599398235,0.684139508,0.613079961,0.717039784,0.629640702,0.706366548,0.558647252,0.668075948,0.606839355,0.626022891,0.631296701,0.617147449,0.645862555,0.693019931,0.530573875,0.691215059,0.601195326
0.672512593,0.599051126,0.68445463,0.613588053,0.717322462,0.630037496,0.706563238,0.558275325,0.668630223,0.606478034,0.626336128,0.631274774,0.617357801,0.645566597,0.69324826,0.531233525,0.691278841,0.601612307
0.672750311,0.598531797,0.684523796,0.612484063,0.717247081,0.631472114,0.706950455,0.558170408,0.669131362,0.607186362,0.626545064,0.631249025,0.617724881,0.645196063,0.693403868,0.531596775,0.691468278,0.601150477
0.673003797,0.5978434,0.685051732,0.611959274,0.717243151,0.631522297,0.707238257,0.558592865,0.668794199,0.60880214,0.626852857,0.631088789,0.617588217,0.645098718,0.693522895,0.532437132,0.691243023,0.602784888
0.673165214,0.597713777,0.685454357,0.612270232,0.717286194,0.631372253,0.707094528,0.557455842,0.669218726,0.60976696,0.626881753,0.630766885,0.61787213,0.64491327,0.693675739,0.53201495,0.691466577,0.602511728
0.673378669,0.597372706,0.685709482,0.614576085,0.717305474,0.630069407,0.70735524,0.556395267,0.668931503,0.610899294,0.62733491,0.63072084,0.61807513,0.64507879,0.693966255,0.531492792,0.691883649,0.60241477
0.673376918,0.597938378,0.685866857,0.613684539,0.71725483,0.628763339,0.70780232,0.555267507,0.669374903,0.611306944,0.62773412,0.630015782,0.618665641,0.644961533,0.694150213,0.531246135,0.692243723,0.60193785
0.673498977,0.59788869,0.686046498,0.612745702,0.717551759,0.628619977,0.708080806,0.554896926,0.669767433,0.611825428,0.628129617,0.629641486,0.618837222,0.645284039,0.694022382,0.530657554,0.692600447,0.601649012
0.673936764,0.597732732,0.686460682,0.612287235,0.717638642,0.628721072,0.708520387,0.556386802,0.670272651,0.612554686,0.628718457,0.630392765,0.619470178,0.645122121,0.694067203,0.530446246,0.692340092,0.602040205
0.673967508,0.597593338,0.686400814,0.610921111,0.717518382,0.629105539,0.708676626,0.555994797,0.670657426,0.612215296,0.629007724,0.630068089,0.619994893,0.645133388,0.694009205,0.529990836,0.692675628,0.602316325
0.674294479,0.596705111,0.6863649,0.612123782,0.717513334,0.628593143,0.709016771,0.555282196,0.671061722,0.612028077,0.62897714,0.630729354,0.620438341,0.645252754,0.694121633,0.529469947,0.692921209,0.602015159
0.674514292,0.596198142,0.686678768,0.611652998,0.717667354,0.627164501,0.709399933,0.554976072,0.671462326,0.612090208,0.628922547,0.630224901,0.620725533,0.645314092,0.694266858,0.528908911,0.693060769,0.601759521
0.674714823,0.595735738,0.686827445,0.61152473,0.717865202,0.62651411,0.709527087,0.554782712,0.671767922,0.611833036,0.629134407,0.629920091,0.621186882,0.644765405,0.694478102,0.528452653,0.693302366,0.60162862
0.674724286,0.596678201,0.687205638,0.610184207,0.71806126,0.626741771,0.709538825,0.555557387,0.672070752,0.611132985,0.628935185,0.630288794,0.621317258,0.645674476,0.694653918,0.528830041,0.693524637,0.6022171
0.674853555,0.597033293,0.68753446,0.60886386,0.718300373,0.625333121,0.709891708,0.556050835,0.672438762,0.611443746,0.629384682,0.630032989,0.621521535,0.645287261,0.69482815,0.529070735,0.693744905,0.602446147
0.675049867,0.597061616,0.687745937,0.608220744,0.718470411,0.628036598,0.710014945,0.555500634,0.672826005,0.61100037,0.629877852,0.629822379,0.621898369,0.644810847,0.694934384,0.529427732,0.69399717,0.60300238
0.674752167,0.597450856,0.688160519,0.608055861,0.718283565,0.628647649,0.709934161,0.55598538,0.673164923,0.61151648,0.630461604,0.629605057,0.622420648,0.644943843,0.695105808,0.529651867,0.694230273,0.603110602
0.674828891,0.597429896,0.688435361,0.608895954,0.71836372,0.628843555,0.709741861,0.55672839,0.673456161,0.611697332,0.630992886,0.629772104,0.622765445,0.645117694,0.695374474,0.52922388,0.694444468,0.603103126
0.675022707,0.597440949,0.688685196,0.607613673,0.718619276,0.627509564,0.710020557,0.556440114,0.673789292,0.611118586,0.631072281,0.629533814,0.623156355,0.645500288,0.695378553,0.52989201,0.694656768,0.603145041
0.675064063,0.598261277,0.688932829,0.606573329,0.718762996,0.627929116,0.71027455,0.557048909,0.674119488,0.611400629,0.631525894,0.629395248,0.62327461,0.645334955,0.695121542,0.530216534,0.694950631,0.603303325
0.675271824,0.598069229,0.689334932,0.606480747,0.718621786,0.62665964,0.710171892,0.556773773,0.674490867,0.611753187,0.632138836,0.628697408,0.623757323,0.644900906,0.694931762,0.529715873,0.694992714,0.603689204
0.675361543,0.597978099,0.689510726,0.606645119,0.718177654,0.625297256,0.710511224,0.556134357,0.674924834,0.611112647,0.632699969,0.628156018,0.624041741,0.644918541,0.694873027,0.529898752,0.695266002,0.603106138
0.675516608,0.597820851,0.689662809,0.605971486,0.7178888,0.625185097,0.710671935,0.555862495,0.675245786,0.611664001,0.633163716,0.627789133,0.623574892,0.645586205,0.69500804,0.529539251,0.695405162,0.602771223
0.675752632,0.597179923,0.689349753,0.606667794,0.717925507,0.623837903,0.710896845,0.5560563,0.675520451,0.610962194,0.63373858,0.627996046,0.623713337,0.645420402,0.695109817,0.529442384,0.695543117,0.602280814
0.675544114,0.598732251,0.689765118,0.607619222,0.718047676,0.62279965,0.711119817,0.555875464,0.675706108,0.610805503,0.63412507,0.628947853,0.623922427,0.645265793,0.695146859,0.529398615,0.695728864,0.601870898
0.675647443,0.599294393,0.689826562,0.607710176,0.716951705,0.622704353,0.711275847,0.556121388,0.675954873,0.610438871,0.63434844,0.629107181,0.623724381,0.645328232,0.695342541,0.529834843,0.695831731,0.601266668
0.675538651,0.598940319,0.690083713,0.607623823,0.716226543,0.621842703,0.711430543,0.555095914,0.675900863,0.60963164,0.634592632,0.628697228,0.624074087,0.644581154,0.695125028,0.530020002,0.696111782,0.600883181
0.675576404,0.598990569,0.6901867,0.60896211,0.716227357,0.622084847,0.711390499,0.555628135,0.676296367,0.609783384,0.635015823,0.628478395,0.624278973,0.644245487,0.695319137,0.530319157,0.696357213,0.601176487
0.67564606,0.598604723,0.690051008,0.60883989,0.716375732,0.620882086,0.711671801,0.555438319,0.67662464,0.609828006,0.635525583,0.628418827,0.624576285,0.644409389,0.695511601,0.530160496,0.696568462,0.600742445
0.675618867,0.599733928,0.690217847,0.607837764,0.71648087,0.619665744,0.711908109,0.555363162,0.676865331,0.610827512,0.636053484,0.627863303,0.624847646,0.644644625,0.695452403,0.529908695,0.696873825,0.600755489
0.675655808,0.599151245,0.690469032,0.606782665,0.71666874,0.6195662,0.712015107,0.554837454,0.677188455,0.610619924,0.636442854,0.626949841,0.625046699,0.644698731,0.695393701,0.530420602,0.696906059,0.600853301
0.675867439,0.599648734,0.690760811,0.606841888,0.716855038,0.621071669,0.712142342,0.554557098,0.677319644,0.610438967,0.636940244,0.626045293,0.625151106,0.644538764,0.695490458,0.530875002,0.697207454,0.600791227
0.675776293,0.600542957,0.69100764,0.60641989,0.716915406,0.620108279,0.712436867,0.555150661,0.677638182,0.609887927,0.637211858,0.626119063,0.625162051,0.645186354,0.695462951,0.531159092,0.697222246,0.600645863
0.675827898,0.600581646,0.691252422,0.606055769,0.716892698,0.619387437,0.712645122,0.554965304,0.677849821,0.61011795,0.637459147,0.625511982,0.625149852,0.645566336,0.69562009,0.531306983,0.697378372,0.601255894
0.675674821,0.60010842,0.691579512,0.605558992,0.717096319,0.618136783,0.712768176,0.554225975,0.677997417,0.609455094,0.637616472,0.62627954,0.625505064,0.645730584,0.695439229,0.530982242,0.697736688,0.600787136
0.675898538,0.599240785,0.691840921,0.605303112,0.717032106,0.618045621,0.712994137,0.553964649,0.678205835,0.609850208,0.638122735,0.626332742,0.625674454,0.645973524,0.695473239,0.530944702,0.697967351,0.600165504
0.67566851,0.600089886,0.691702898,0.605206848,0.717192708,0.616829328,0.71299056,0.55323059,0.678556709,0.610472684,0.638515849,0.625836173,0.625887992,0.646006236,0.695355179,0.531294654,0.698196124,0.599867691
0.675750751,0.599700756,0.691920021,0.604215938,0.717311385,0.615632069,0.713193154,0.552855248,0.678761144,0.610226219,0.638862332,0.626384561,0.626145138,0.646634699,0.695510192,0.530943994,0.698376647,0.59966113
0.675724128,0.599806809,0.691388738,0.604549921,0.717408874,0.614429357,0.713455694,0.553540683,0.678882207,0.609388121,0.639270866,0.626361381,0.62630986,0.646376764,0.695483276,0.53037781,0.6985711,0.599263882
0.67569772,0.600452079,0.691770623,0.604137174,0.717425004,0.613218488,0.713716107,0.553461202,0.679083669,0.609091546,0.639826837,0.625683292,0.626585709,0.646771857,0.695546547,0.530411412,0.698901999,0.598957268
0.675640862,0.600209014,0.691552818,0.604655518,0.717481126,0.613087006,0.713424567,0.5535119,0.679465869,0.609259853,0.64031398,0.625459681,0.626411304,0.64764884,0.69554957,0.531091661,0.69915386,0.59851075
0.675767704,0.599969628,0.691582645,0.604662459,0.71767666,0.613317347,0.713500465,0.554116266,0.679623006,0.609536956,0.640818572,0.624776301,0.626572972,0.647737299,0.69552282,0.530497338,0.699449336,0.59840404
0.675878321,0.600100043,0.691897947,0.603501837,0.717532321,0.613432588,0.71351515,0.553543863,0.679999991,0.609923443,0.641021255,0.624876485,0.626800014,0.648224966,0.695437025,0.530394781,0.699621236,0.598385007
0.676018354,0.599735802,0.692170083,0.603026881,0.71766663,0.612251324,0.713509596,0.552887912,0.680414013,0.608843098,0.641116364,0.624933385,0.627180182,0.648512676,0.695410936,0.530079169,0.699942677,0.598284955
0.675795154,0.59923227,0.692521043,0.602022801,0.717839358,0.611094006,0.713343753,0.553161639,0.680744986,0.608900791,0.641611765,0.625041531,0.627403012,0.648321822,0.695590817,0.529726646,0.700201443,0.598355814
0.675949437,0.599643356,0.692808732,0.602194675,0.717971391,0.610001146,0.713338921,0.55286654,0.681132929,0.608616813,0.642145299,0.625064031,0.627755833,0.648325428,0.695535048,0.529665527,0.70051805,0.59827983
0.67593784,0.599268227,0.692973634,0.60196005,0.718161146,0.608870385,0.713314243,0.552346395,0.681280409,0.608188766,0.64252804,0.626159865,0.627996515,0.648321003,0.695625534,0.529210813,0.700742686,0.598252675
0.676030711,0.599701735,0.69325729,0.601634444,0.717881165,0.609327753,0.713468012,0.552303119,0.681466145,0.608787654,0.64290778,0.625427947,0.628322454,0.648026854,0.695657214,0.528889479,0.700965561,0.598070224
0.675840655,0.599777912,0.693618451,0.60152735,0.717953186,0.609264724,0.713600851,0.552937076,0.681807466,0.609076515,0.643222219,0.624391017,0.628667549,0.648411298,0.695833321,0.529059206,0.701245881,0.597472161
0.675918386,0.599482421,0.693996652,0.601445246,0.718121438,0.610378597,0.713713004,0.552941588,0.682067918,0.609036638,0.643492818,0.623954136,0.628685704,0.648732236,0.695604542,0.528797063,0.701435585,0.597381369
0.676098676,0.599774718,0.694233495,0.602279907,0.718249819,0.610191649,0.71390259,0.55207098,0.682112102,0.608417751,0.643658234,0.623653555,0.628983649,0.648620718,0.695578512,0.528370507,0.701726592,0.597384395
0.675983963,0.600114081,0.69423212,0.60336136,0.718242746,0.612082268,0.713856713,0.551945204,0.682330563,0.608086651,0.643966133,0.623884735,0.629214943,0.648122892,0.695638483,0.528017868,0.701942225,0.596757886
0.675884756,0.59982744,0.694466236,0.602789044,0.718235727,0.611784996,0.713966588,0.552166581,0.68264398,0.608197201,0.644435331,0.623141225,0.629572664,0.648069428,0.695754973,0.527621696,0.702272751,0.596359882
0.675975694,0.599455677,0.694639913,0.603795087,0.717695033,0.612128736,0.71405627,0.552145621,0.682204115,0.608694359,0.644635994,0.622804745,0.630034071,0.647741735,0.695728666,0.527436167,0.70248464,0.596629972
0.676080452,0.599888951,0.694520162,0.605217848,0.717386334,0.611677374,0.713875394,0.553086187,0.682304644,0.608362147,0.644936636,0.622541678,0.630322321,0.647393341,0.69570256,0.527315031,0.702680453,0.596735575
0.676169955,0.599695405,0.694828109,0.604660104,0.717477235,0.611622004,0.713983945,0.553370562,0.682652799,0.608023736,0.645315892,0.623260071,0.63050276,0.647423554,0.695648488,0.526757023,0.702817168,0.59655302
0.676244377,0.599756166,0.69495979,0.604676714,0.717303616,0.611907939,0.714187327,0.553421439,0.682941212,0.607394913,0.645752719,0.622717896,0.630955401,0.647062648,0.695707058,0.526152387,0.703024587,0.596992464
0.676275193,0.599366361,0.695167489,0.603775596,0.717300274,0.613211289,0.714312939,0.553932429,0.683246412,0.606484098,0.646065816,0.622102454,0.631257876,0.64711684,0.695653376,0.525974851,0.70323044,0.59609228
0.676391543,0.599434293,0.695373626,0.603670501,0.71731566,0.612318979,0.71436166,0.554972189,0.683549317,0.606159208,0.646376559,0.621747844,0.63134922,0.647175332,0.695878573,0.525879538,0.703249624,0.596239379
0.676464299,0.599966514,0.695654654,0.603445698,0.717461365,0.611897659,0.714561343,0.555816294,0.683454718,0.605658624,0.646625208,0.621371748,0.631481495,0.647068046,0.695935623,0.526018362,0.703495653,0.596630165
0.676352074,0.600276522,0.695876473,0.602370042,0.717327524,0.611460212,0.714344941,0.556308844,0.683529579,0.605468508,0.646931545,0.62101701,0.631633513,0.646780208,0.696019888,0.525768676,0.703739847,0.596852966
0.676452706,0.600573017,0.696153542,0.603239599,0.717305648,0.611738268,0.71450565,0.556289144,0.6834918,0.604982331,0.647097187,0.620608202,0.631660485,0.647174712,0.696103526,0.525551018,0.704080794,0.596696019
0.676608922,0.600765504,0.696466352,0.603174797,0.717376066,0.610856714,0.714571641,0.555784385,0.68380792,0.605067561,0.647143399,0.621413603,0.63193417,0.646783594,0.696213979,0.525115513,0.704349069,0.596060532
0.676399191,0.601163153,0.696720373,0.602122029,0.717427605,0.609771218,0.714674418,0.555638252,0.683936278,0.605497615,0.647542572,0.621130074,0.631918833,0.646654292,0.696296283,0.524731383,0.704615365,0.595848765
0.676232939,0.60163781,0.696897497,0.6020087,0.717405602,0.610242011,0.714887848,0.555093837,0.684285389,0.60476478,0.64797792,0.620328786,0.631985308,0.647429639,0.696241817,0.52474309,0.704865776,0.595832895
0.676221111,0.601418344,0.697035945,0.601514719,0.717438432,0.609157605,0.715062714,0.55511658,0.684558314,0.604706606,0.648000914,0.619903597,0.632336196,0.647190804,0.696377684,0.524680432,0.705031103,0.595496623
0.676403646,0.600983934,0.697340968,0.601558005,0.717362078,0.609284848,0.715291601,0.555323791,0.684737547,0.604971086,0.648412,0.619693381,0.632704799,0.646927633,0.696431455,0.524212565,0.705305818,0.595063423
0.676529548,0.601827838,0.697588114,0.602205944,0.716852086,0.608239497,0.715390265,0.55521646,0.685061663,0.604420722,0.648800753,0.618834835,0.633050519,0.646332548,0.696484836,0.523562831,0.705578536,0.595313236
0.676599432,0.601267824,0.697556184,0.60343675,0.716922616,0.607285023,0.715634606,0.554825794,0.685365223,0.603720614,0.648878332,0.619115221,0.633433991,0.645855732,0.696537829,0.523648564,0.705808104,0.594786962
0.676819804,0.600543743,0.697800769,0.60337689,0.717028559,0.606541857,0.715384895,0.554306478,0.68564845,0.603164228,0.64922419,0.619229752,0.633574021,0.645766781,0.696536957,0.523376987,0.706104388,0.594761503
0.676983882,0.600473279,0.698061946,0.60323849,0.717115843,0.608022265,0.71553666,0.553900783,0.686001943,0.603376808,0.649644093,0.619158546,0.633713044,0.644957863,0.696616027,0.523462526,0.70622141,0.594494986
0.676969616,0.600364688,0.698394399,0.60222663,0.717113341,0.607972409,0.715814053,0.553082683,0.686262846,0.603198889,0.649965662,0.61889355,0.633870982,0.644701272,0.69680073,0.523412999,0.706405475,0.594226565
0.676629543,0.600451136,0.697904507,0.60281675,0.717217467,0.60794204,0.715927127,0.552821084,0.686593674,0.602941971,0.650341924,0.617980572,0.633948427,0.644783745,0.696904749,0.52293762,0.70634472,0.594621086
0.676697827,0.600684248,0.698126213,0.602539357,0.717108391,0.606899062,0.716129263,0.552927006,0.686761199,0.602924047,0.650223345,0.618793296,0.63402532,0.644873262,0.697008027,0.522734605,0.706594437,0.594183328
0.676765627,0.600351732,0.698491086,0.60387954,0.717141227,0.607768889,0.716383694,0.552660908,0.687070093,0.60341029,0.65029423,0.618539728,0.634298674,0.644497554,0.697110573,0.522470796,0.70676179,0.594231851
0.676779206,0.599879367,0.69874521,0.604243201,0.717226571,0.607425126,0.71661848,0.551894403,0.687430074,0.602750594,0.650646547,0.618433645,0.634589727,0.644428828,0.697055346,0.522291946,0.706927959,0.593827209
0.676792689,0.599773902,0.698961615,0.603859262,0.71734635,0.608428704,0.716531511,0.551654992,0.687663661,0.602722674,0.651127489,0.617892401,0.634702674,0.643849782,0.697052674,0.522150911,0.707212998,0.593682558
0.676966173,0.599411021,0.699283912,0.603129624,0.717430375,0.609354738,0.716516036,0.550968587,0.68798377,0.602553476,0.651418419,0.617772161,0.634912295,0.643832398,0.697205965,0.521740625,0.707403,0.593032012
0.677138444,0.599735175,0.699532598,0.60217096,0.71728767,0.609418595,0.716571306,0.550696294,0.688196217,0.602844661,0.651372543,0.617725451,0.635159299,0.643639102,0.697384084,0.521337856,0.70727381,0.59321164
0.677256522,0.599116169,0.699708443,0.602203408,0.717353979,0.609637572,0.716766972,0.550220106,0.688459711,0.602910726,0.651771793,0.617594793,0.63534651,0.643510927,0.697354484,0.521472912,0.707528267,0.593097448
0.67726816,0.598772058,0.699865351,0.601264617,0.717195256,0.608706075,0.716926205,0.549975925,0.688808618,0.602567634,0.65218674,0.617481072,0.635628872,0.643227757,0.69732509,0.521403188,0.707754653,0.592744253
0.677319188,0.599067123,0.700003519,0.600553347,0.717347501,0.607685854,0.717049385,0.550018368,0.689033394,0.602428232,0.652506789,0.617186102,0.635793939,0.642683687,0.69732153,0.520750345,0.708005685,0.592376919
0.677448532,0.599574897,0.700299073,0.599819975,0.717361451,0.607762098,0.717258794,0.549921132,0.689308603,0.601847267,0.652861314,0.616547582,0.636130282,0.642044911,0.697266909,0.52034761,0.708215802,0.591553003
0.677590053,0.599271069,0.700417268,0.600086896,0.717392402,0.608023935,0.717466763,0.549164431,0.689650995,0.602129417,0.653085451,0.616249949,0.636273401,0.642089372,0.697365394,0.520036968,0.708372407,0.591626981
0.677652475,0.599759175,0.700674436,0.600826647,0.717354988,0.607702825,0.717656011,0.549244457,0.689991042,0.602014485,0.653599513,0.615360263,0.636567746,0.641667802,0.697488571,0.52004289,0.708489023,0.59159349
0.677675541,0.599223383,0.700407455,0.600758052,0.71740273,0.607665438,0.717912916,0.549295822,0.690191563,0.602272131,0.653946679,0.615080832,0.636727356,0.641831902,0.69763619,0.519820726,0.708527275,0.591677283
0.677827778,0.598732431,0.70068026,0.599794036,0.717500913,0.608960214,0.717927574,0.549715037,0.690510366,0.603027309,0.654201021,0.614442548,0.636904776,0.642487453,0.697707218,0.519588779,0.708745642,0.59111836
0.67790165,0.598894438,0.700916626,0.599098951,0.717632161,0.607962734,0.718164697,0.54892874,0.690792939,0.602432618,0.654507732,0.614037421,0.637062161,0.642870218,0.697777765,0.519686127,0.708936849,0.591288332
0.678077786,0.597977724,0.700944555,0.598912409,0.717527211,0.607105846,0.71834903,0.548134994,0.69114151,0.602228173,0.654812371,0.613623413,0.637424939,0.642721992,0.697747735,0.519133807,0.709075576,0.591055708
0.678099109,0.597286223,0.701126903,0.599421707,0.717054441,0.607549748,0.718583137,0.547357301,0.691386215,0.602165828,0.655204507,0.612900687,0.637729157,0.642494674,0.697668025,0.518647427,0.709187861,0.590752537
0.678260641,0.597543468,0.701359391,0.598551286,0.71700222,0.607524475,0.718798724,0.546918622,0.691376336,0.602208211,0.655558311,0.612631395,0.63793812,0.642396144,0.697588851,0.518834246,0.709210416,0.590638156
0.678192193,0.597796356,0.701539132,0.598446943,0.717100101,0.607652734,0.718979087,0.547604285,0.691551394,0.601987895,0.655767431,0.612952977,0.638275748,0.641959681,0.69765885,0.518152535,0.709384841,0.590045541
0.67823827,0.597247507,0.701717675,0.59825117,0.717097827,0.607547327,0.719191918,0.547197251,0.691574531,0.601895731,0.656063809,0.612489043,0.638518533,0.641595698,0.697753073,0.517948423,0.709545478,0.58926485
0.678549316,0.59691972,0.701878082,0.597339835,0.717161682,0.606761868,0.719655021,0.547292676,0.691693129,0.602176366,0.656460278,0.612139113,0.638661542,0.641172934,0.698063012,0.518063303,0.709793137,0.58884049
0.678971615,0.596282913,0.702071214,0.596437163,0.717225115,0.608118396,0.719897651,0.547846891,0.69189456,0.601855229,0.656570806,0.611692061,0.638877598,0.640795169,0.698420321,0.518444708,0.710051699,0.588031449
0.679077407,0.596283752,0.702414617,0.597159459,0.71764936,0.607782859,0.720155347,0.547947935,0.692061325,0.60151211,0.657015932,0.611514375,0.638870977,0.640452148,0.698578236,0.518211185,0.709821005,0.588055701
0.6793451,0.59561229,0.702671846,0.597701921,0.71738346,0.606819513,0.720594098,0.547375641,0.692044244,0.601909808,0.656912815,0.611292138,0.639066546,0.64000112,0.698857854,0.517729321,0.710040394,0.58802333
0.679710771,0.595567012,0.702843749,0.597509292,0.717755468,0.607092134,0.720963734,0.547170581,0.692176306,0.601831851,0.656915573,0.611124782,0.638583115,0.640161653,0.698842024,0.517528502,0.71015899,0.587660107
0.679974645,0.59521087,0.703131241,0.596990651,0.718092527,0.606133553,0.721066877,0.546410422,0.692307505,0.601656884,0.656830934,0.610943239,0.638595779,0.640115337,0.69914334,0.51730089,0.710338704,0.587460002
0.680273956,0.594968537,0.703134336,0.596121008,0.717827782,0.605184355,0.721333858,0.54571762,0.69215818,0.60153427,0.656833941,0.610738373,0.638208017,0.639811508,0.69934546,0.51716213,0.710443217,0.587178099
0.680571323,0.594381809,0.703253367,0.595613104,0.718227029,0.605450516,0.721271152,0.54568694,0.692222995,0.601259333,0.656715392,0.611002771,0.638330646,0.639763866,0.699594726,0.517560608,0.710645438,0.587452626
0.68080524,0.594175948,0.703569765,0.596830795,0.71812457,0.605556001,0.7215194,0.545626402,0.69232008,0.601586431,0.65690912,0.611372577,0.638452481,0.640071852,0.699769925,0.517381353,0.710552146,0.587759897
0.681074445,0.594599328,0.703752457,0.596848198,0.718151162,0.60551187,0.721668295,0.545485219,0.692269911,0.601456585,0.657291352,0.611325408,0.638122998,0.639698967,0.70006436,0.517587406,0.710422799,0.587595902
0.68136637,0.594875333,0.703409004,0.598704116,0.718225575,0.606412762,0.72186495,0.544776348,0.69238246,0.601917785,0.657688321,0.61123353,0.637831561,0.639420429,0.699637028,0.518003652,0.710586596,0.587429047
0.681644236,0.595219543,0.703705509,0.598053521,0.718395186,0.606811979,0.722092721,0.544629006,0.69215435,0.601921857,0.657859929,0.611907826,0.637738955,0.639297272,0.699427706,0.517743471,0.710810046,0.587425677
0.681835293,0.594718939,0.704016419,0.597880168,0.718404764,0.606786439,0.7223029,0.54486112,0.6923795,0.601865974,0.65806461,0.611296038,0.637700487,0.639189439,0.699362775,0.517470572,0.710983662,0.587561113
0.681952477,0.594754108,0.704179112,0.597833321,0.718271681,0.607132911,0.722527825,0.544799962,0.692554962,0.601997372,0.65833611,0.610929938,0.637680055,0.639281171,0.699417091,0.517514414,0.711035538,0.58723905
0.68210513,0.594306101,0.704373166,0.596935142,0.718455325,0.606721378,0.722831488,0.544508491,0.692713278,0.602350536,0.658453098,0.610762473,0.637500136,0.639212889,0.69966059,0.517672575,0.711195309,0.586818563
0.682292914,0.593940249,0.70475974,0.596837353,0.718118252,0.605794872,0.722781612,0.544035224,0.692822643,0.603112158,0.658518576,0.610511576,0.637586542,0.638533796,0.699760852,0.517457734,0.711174266,0.586945417
0.682575469,0.593747805,0.704355232,0.597515109,0.718034416,0.604881092,0.722971034,0.54394847,0.692676403,0.603533845,0.658600511,0.610497967,0.637513793,0.638154228,0.700001731,0.517126105,0.711236999,0.5871155
0.682676895,0.594279636,0.704562945,0.597013416,0.718013688,0.605135662,0.723063972,0.543984141,0.692785197,0.604107693,0.658799645,0.610961529,0.637423934,0.637929934,0.700217627,0.516835191,0.711073017,0.586865069
0.682908798,0.59434566,0.704273547,0.599042009,0.718258221,0.605263777,0.723267153,0.543352209,0.692750817,0.604044769,0.658997531,0.611119488,0.637439715,0.637302032,0.700502351,0.516977367,0.711183171,0.586741205
0.683091724,0.594038678,0.704480218,0.598804376,0.71797262,0.605680614,0.72350063,0.543248819,0.692669305,0.604204838,0.659210891,0.610909444,0.637542688,0.637612962,0.700715334,0.517854386,0.711316311,0.587065125
0.683107678,0.593915706,0.704558447,0.598903068,0.717828287,0.605981701,0.72363825,0.542952627,0.692745636,0.603910318,0.659522877,0.611334626,0.637418771,0.637438842,0.701019982,0.51875322,0.711094614,0.587134886
0.683300657,0.593763192,0.704683725,0.598712095,0.717962963,0.606387843,0.72382207,0.542286821,0.692868548,0.603496601,0.659766495,0.611455204,0.636844532,0.63743057,0.701114154,0.518697659,0.711144857,0.587280118
0.683468898,0.593770233,0.704997777,0.598353893,0.718096805,0.606368306,0.724176751,0.54232385,0.692928154,0.603530557,0.659478812,0.611967863,0.636377625,0.637742081,0.701346368,0.518661253,0.711171334,0.586972865
0.683671308,0.593908893,0.705278396,0.597514687,0.718260532,0.60622245,0.724295422,0.54237775,0.693034155,0.603837948,0.659423974,0.611883339,0.635741174,0.638088705,0.701438951,0.518654609,0.711232721,0.586864192
0.683872471,0.593493103,0.705416001,0.597320206,0.71834671,0.606691153,0.724475523,0.541945993,0.692921945,0.603282823,0.659320111,0.611928512,0.63509145,0.637900278,0.701668737,0.518778703,0.71134035,0.586405639
0.684084064,0.59322053,0.705067598,0.597941667,0.718295011,0.605968575,0.724360165,0.54157141,0.692949854,0.603039943,0.659659784,0.612090526,0.634822722,0.637911457,0.701691088,0.518625736,0.711377603,0.586279177
0.68420134,0.59309477,0.705220609,0.597077659,0.718182769,0.605154655,0.724647081,0.541932667,0.692993037,0.60261436,0.659948319,0.611533733,0.634436047,0.637849279,0.701895876,0.51834545,0.711449379,0.586154439
0.684317901,0.593071034,0.705403796,0.597216281,0.718253229,0.605262812,0.72499384,0.54187375,0.693128343,0.603117462,0.660267702,0.612155392,0.634222052,0.63781001,0.701985655,0.51839516,0.711566912,0.58589205
0.68449154,0.593479059,0.705291223,0.59669883,0.71832326,0.604376483,0.725123575,0.541629997,0.69315537,0.602948407,0.660438856,0.611755528,0.633992378,0.637878954,0.701848058,0.518398243,0.711695243,0.585610069
0.684698692,0.593412204,0.705643154,0.5966567,0.718377791,0.603917696,0.725451483,0.542007373,0.693289365,0.602300915,0.660689997,0.61194362,0.633747166,0.637835776,0.701960052,0.518761928,0.711799839,0.585545274
0.684962028,0.593630019,0.705931303,0.596216615,0.718416961,0.603266129,0.725563794,0.542115949,0.692598601,0.602400772,0.66063266,0.612313658,0.633486559,0.638222239,0.702184098,0.518921145,0.711903804,0.58538227
0.685132157,0.593084083,0.706033305,0.595571872,0.718291057,0.603620839,0.725827552,0.542978331,0.692672617,0.60228968,0.66084949,0.61235232,0.633294829,0.638316514,0.702384317,0.519020045,0.711790366,0.585302203
0.685346938,0.593052535,0.706257266,0.594737688,0.718136029,0.604907,0.725953225,0.542623297,0.692655188,0.602476728,0.661016842,0.612482865,0.633070698,0.638193767,0.702740206,0.51904509,0.71190511,0.585187651
0.685571816,0.593357729,0.706067445,0.595488365,0.718190467,0.604065715,0.726214237,0.541938218,0.692773954,0.602649906,0.661279256,0.612217801,0.632831183,0.638131815,0.702892874,0.519138896,0.711996484,0.58515017
0.685761301,0.593403309,0.705924447,0.594805356,0.718185176,0.604437263,0.726413387,0.541260505,0.692922164,0.60283068,0.661587992,0.612529869,0.632643127,0.63801635,0.702755034,0.519038123,0.712053392,0.58502924
0.685678067,0.593310078,0.705767116,0.593970795,0.718120689,0.605500288,0.726611351,0.541170408,0.692904148,0.603032364,0.661528835,0.612904294,0.632472817,0.63820281,0.702928959,0.519093848,0.712188875,0.584670804
0.685843547,0.593534751,0.705504742,0.59314221,0.718130399,0.60467318,0.72676318,0.54095471,0.693021118,0.60349219,0.661708052,0.612583087,0.632253785,0.638332528,0.702968986,0.519239369,0.711828995,0.584812475
0.686041796,0.593473069,0.704942024,0.593791142,0.718081174,0.604044629,0.726884226,0.540597477,0.693152339,0.603649926,0.661727997,0.612835824,0.631837709,0.638249185,0.703229565,0.519251353,0.711941927,0.584425397
0.68622766,0.593277175,0.704713732,0.594285433,0.718178999,0.603191139,0.727034354,0.539938273,0.693223193,0.603247541,0.661810922,0.613001647,0.631407608,0.638255997,0.70333451,0.518995064,0.711975977,0.584474749
0.686334147,0.593629418,0.704186663,0.594193614,0.718305514,0.603140179,0.7271836,0.539291469,0.693353047,0.602900794,0.661720349,0.612700063,0.63116078,0.638478884,0.703482736,0.519057076,0.711831573,0.584530446
0.686529213,0.59349096,0.703932001,0.595079025,0.718387517,0.602670358,0.727361592,0.53898656,0.69348214,0.603116737,0.661771446,0.61320425,0.631111995,0.639112439,0.703695747,0.518998459,0.711887964,0.584722938
0.686523019,0.593709467,0.70391752,0.595057191,0.718396305,0.602949743,0.727582845,0.539504062,0.693625245,0.602787699,0.661884789,0.613201176,0.630900145,0.639144135,0.703623843,0.518862065,0.7119551,0.584424584
0.685929336,0.593710105,0.703680002,0.59517871,0.718477566,0.602530324,0.727832258,0.53906686,0.693679169,0.602500033,0.661888336,0.613618533,0.63055923,0.639322126,0.703856957,0.519460702,0.711999758,0.584494287
0.686002293,0.594127852,0.703354877,0.596062494,0.718486041,0.603499101,0.728124265,0.538519721,0.69373278,0.602230034,0.662109498,0.613471272,0.63052886,0.639176956,0.704067022,0.519125547,0.712055167,0.584427405
0.686063806,0.593651343,0.703149944,0.59556434,0.718451205,0.60302898,0.728165714,0.538093588,0.693903193,0.601712004,0.662236376,0.612986363,0.630336735,0.638833631,0.704146084,0.519043561,0.712154173,0.584333693
0.686113974,0.593382244,0.703226366,0.595199357,0.718229643,0.603208795,0.728236118,0.538221397,0.694072621,0.601669307,0.662331609,0.612828119,0.630226452,0.638472099,0.704418805,0.518765037,0.712263554,0.584268318
0.686054278,0.593161116,0.703287644,0.594687888,0.718367798,0.602381169,0.728495327,0.537920122,0.694182853,0.600853825,0.662672869,0.612329738,0.630052405,0.638200896,0.704603928,0.518700534,0.712295892,0.584187782
0.685962146,0.593037275,0.703172637,0.59425492,0.71826212,0.60264804,0.728651456,0.53750885,0.694248913,0.600699561,0.662750934,0.612655447,0.62997568,0.637910303,0.704852321,0.518370016,0.712306275,0.584206379
0.68600128,0.593295296,0.703321432,0.594196048,0.718484922,0.60182455,0.728864576,0.537172348,0.694329066,0.601421652,0.662736616,0.612378659,0.629979431,0.637753428,0.704864078,0.51878994,0.71241428,0.583584262
0.686061917,0.593517111,0.703454799,0.594204879,0.718550089,0.601094203,0.729047618,0.536973692,0.694322181,0.60215898,0.662798774,0.611978584,0.629807583,0.637974502,0.705046342,0.519150022,0.71253249,0.582862392
0.686230536,0.593170584,0.703558335,0.593571087,0.718714104,0.601202759,0.729229617,0.536659391,0.694444835,0.602120475,0.663043402,0.611387804,0.629843624,0.638029195,0.705312613,0.518677213,0.71267161,0.583103051
0.686279375,0.593642088,0.703545327,0.593101071,0.718721715,0.600396107,0.72942493,0.536247298,0.694365919,0.602163429,0.66321068,0.611416067,0.629831848,0.637753017,0.705153355,0.51880548,0.712777657,0.582946923
0.686392566,0.59321054,0.70369138,0.592906231,0.718799751,0.599587163,0.729662059,0.535620682,0.69445914,0.602212892,0.663346712,0.611147899,0.629820138,0.63782151,0.705206407,0.519123286,0.712668492,0.583896071
0.686505117,0.593111369,0.703764545,0.593472945,0.718807077,0.60070252,0.729769445,0.535734052,0.694623168,0.602500716,0.663361126,0.61051687,0.629840057,0.637485559,0.705195915,0.518938046,0.712763248,0.584229633
0.686627745,0.593235633,0.703880414,0.592834108,0.718884433,0.600435654,0.729918907,0.535468839,0.6948005,0.602322589,0.663405586,0.610334413,0.629702495,0.637103935,0.705122418,0.518642833,0.71281479,0.584108873
0.686739004,0.593243967,0.704009963,0.593327009,0.719031231,0.600026467,0.730124276,0.535198076,0.694948461,0.602151884,0.663329625,0.609768046,0.629408779,0.636960927,0.705279923,0.518457913,0.712866042,0.583943768
0.686881591,0.593224367,0.704081621,0.593913254,0.719065718,0.600952084,0.730229465,0.535225822,0.695053152,0.60237113,0.663433841,0.610167529,0.62946098,0.636629403,0.70514389,0.518344543,0.712906397,0.583732447
0.68700214,0.593127615,0.704224136,0.593832896,0.719127807,0.600484861,0.730418712,0.534917883,0.694875108,0.602075756,0.663582287,0.610239879,0.629232,0.636419172,0.70527961,0.518467454,0.712988849,0.583894379
0.687185565,0.592998496,0.704365858,0.594627132,0.719244983,0.599695785,0.730649109,0.535021881,0.694951283,0.602149324,0.663506469,0.610089152,0.62884868,0.636212801,0.705456147,0.518713501,0.7131447,0.58339784
0.687294037,0.592999212,0.704450102,0.594213828,0.719375328,0.598929083,0.730920314,0.534982189,0.695083153,0.601996121,0.663609325,0.609760765,0.628638191,0.636174608,0.705528056,0.518890235,0.713236554,0.583355492
0.687328181,0.593208469,0.704336017,0.594120709,0.71922932,0.598183228,0.730826268,0.5346806,0.695242272,0.601286793,0.663681986,0.609221966,0.628722899,0.636087338,0.705620238,0.518874958,0.713359377,0.583184992
0.687467171,0.593421237,0.704166186,0.594146822,0.719207811,0.598320323,0.731095485,0.534401787,0.695316802,0.600726676,0.663709927,0.609775411,0.628436758,0.635488731,0.705773757,0.519367125,0.713533841,0.58322386
0.687563497,0.593358046,0.70432056,0.594594072,0.719282358,0.597771016,0.731293652,0.534510739,0.695446575,0.600223801,0.663737715,0.609515757,0.628229143,0.635377327,0.705864755,0.519284609,0.713676039,0.582807335
0.687429485,0.593320599,0.704516136,0.594403307,0.7193975,0.597876881,0.731393606,0.534732092,0.695547884,0.599747871,0.663706585,0.609516714,0.628252886,0.635390022,0.705934751,0.519638151,0.71385908,0.582631347
0.687535804,0.593027237,0.704626771,0.594251471,0.719430228,0.597866765,0.731631382,0.534517742,0.695620965,0.599376129,0.663778182,0.609092599,0.627939772,0.63570133,0.706147483,0.519506592,0.713989229,0.582759377
0.687579209,0.592703939,0.704792562,0.594309763,0.719435591,0.597198452,0.731895457,0.533921299,0.695721244,0.599463931,0.663703279,0.608604441,0.627567314,0.635827878,0.706277494,0.519572198,0.714139367,0.582526179
0.687674179,0.592317016,0.704748918,0.594283484,0.719468037,0.59645749,0.731827814,0.53386581,0.695862262,0.599283717,0.663774495,0.608486251,0.627653555,0.635886562,0.706325459,0.519337898,0.714123547,0.58235837
0.687882289,0.592053313,0.704760969,0.594293686,0.719500307,0.595746799,0.732048748,0.533757998,0.695920168,0.599180394,0.663874387,0.607920171,0.627648242,0.635947881,0.706535395,0.51923518,0.714190157,0.582049073
0.688099575,0.591878362,0.704855915,0.594264483,0.719411057,0.594988878,0.73224111,0.533500193,0.695950386,0.599143212,0.664104167,0.607563724,0.627733797,0.635741234,0.706643073,0.519467074,0.714225612,0.581628606
0.688058776,0.591847534,0.705019294,0.594609988,0.719497091,0.594920269,0.732514332,0.533330905,0.696021391,0.59892263,0.664303799,0.606976641,0.627879284,0.636061119,0.706790508,0.519434608,0.714393962,0.581231969
0.68806944,0.591661658,0.704576698,0.594847343,0.719582662,0.594216492,0.732772468,0.533142479,0.69611924,0.598781011,0.664300558,0.606753781,0.627858347,0.636018867,0.706977378,0.520006319,0.714530775,0.581294073
0.688325355,0.591245424,0.704273634,0.594742488,0.719721268,0.594378471,0.732961333,0.532844804,0.696230139,0.598256655,0.664426713,0.606326915,0.627897594,0.635748629,0.707103061,0.519644814,0.714595575,0.581060772
0.688426992,0.591011523,0.704327833,0.594430629,0.719952498,0.594418976,0.733189806,0.532543363,0.69615088,0.598114359,0.664437497,0.606013833,0.627981562,0.635444048,0.707208063,0.519800316,0.714710803,0.580726081
0.68859925,0.590738568,0.704313532,0.59490071,0.719943048,0.594664697,0.733403554,0.53228428,0.69622059,0.598115841,0.664576909,0.606198889,0.627676709,0.634952985,0.707332456,0.519363888,0.714916568,0.580202117
0.688730033,0.591287199,0.704448968,0.594163213,0.719827511,0.594388515,0.733629629,0.532495973,0.696289927,0.597785644,0.664772618,0.605836623,0.627552253,0.634667423,0.707495988,0.519149774,0.715050527,0.580121446
0.688870232,0.591147948,0.704637961,0.593418278,0.720030151,0.593722476,0.733787341,0.532188844,0.696345464,0.598038321,0.664725507,0.605636022,0.627532464,0.634307533,0.707618954,0.51895812,0.715193849,0.579822343
0.689009687,0.590705457,0.704771818,0.593272532,0.720165732,0.594855169,0.733997803,0.531951865,0.696266741,0.598418763,0.664905599,0.605475165,0.627601692,0.634013741,0.707820448,0.518879509,0.715225889,0.580352359
0.689017638,0.590717108,0.704756495,0.593443273,0.720326919,0.594118894,0.734220512,0.532347764,0.696228517,0.598740408,0.665098886,0.605420148,0.62772967,0.633907677,0.707843192,0.518611059,0.71538803,0.580199671
0.689135904,0.590555262,0.704795099,0.593298574,0.720355986,0.594926067,0.734415394,0.532401698,0.696230472,0.598703392,0.665164165,0.605129036,0.627621128,0.633554551,0.70800365,0.518533776,0.715499343,0.579997531
0.689303577,0.590193047,0.70491406,0.593108341,0.720528917,0.596146642,0.734662413,0.531984337,0.696338744,0.598607126,0.664764704,0.60577729,0.627424948,0.633498701,0.708104347,0.518391831,0.715620038,0.579896102
0.689400512,0.590036955,0.705099351,0.592603029,0.720596475,0.595490382,0.7348286,0.531412322,0.696486215,0.598685379,0.664900695,0.605164535,0.627405753,0.633130287,0.708106581,0.518989603,0.715769926,0.579863693
0.689606429,0.589872086,0.705283673,0.591967707,0.720741823,0.594752859,0.735007139,0.531759182,0.69658003,0.599073612,0.664965981,0.605134314,0.627284286,0.632638485,0.708186945,0.518727652,0.715899198,0.580187691
0.689761632,0.589797144,0.705094037,0.591499122,0.720821462,0.59516338,0.735013318,0.53154715,0.696699727,0.598760251,0.664863376,0.60485278,0.626988417,0.632329634,0.708266891,0.51870838,0.716017904,0.579998712
0.689935831,0.589651106,0.705184406,0.592130809,0.720887731,0.594430029,0.735256207,0.530998544,0.696818801,0.598988431,0.664984122,0.605216994,0.626897767,0.632016493,0.708346419,0.519110752,0.716145856,0.579542572
0.690069621,0.589648188,0.705314063,0.591603185,0.720785664,0.594663566,0.73545848,0.530722162,0.696924139,0.598418705,0.665159801,0.605076205,0.627068779,0.63190841,0.708425535,0.518850947,0.716233789,0.58008457
0.690202717,0.589365943,0.705535571,0.590896385,0.720697015,0.595654723,0.735646621,0.530164323,0.697068183,0.598317634,0.665334569,0.604883977,0.626862606,0.631666937,0.708465574,0.518610761,0.716291827,0.579671115
0.690364601,0.589694057,0.705729568,0.590844065,0.72082737,0.595169283,0.735794638,0.529929456,0.696976576,0.598139753,0.665522252,0.604738375,0.626946212,0.63160968,0.708563256,0.518776942,0.71645723,0.579431061
0.690584449,0.589622109,0.705830517,0.591192742,0.720751893,0.595182536,0.735954909,0.529974688,0.696924491,0.598635528,0.665640056,0.604277692,0.626928597,0.631628117,0.708525799,0.518414775,0.716621782,0.579411735
0.690764068,0.589763825,0.705970295,0.590483777,0.720894226,0.594933474,0.736153306,0.529937959,0.69705444,0.598004401,0.665578542,0.604037062,0.626968518,0.631228164,0.70860364,0.518654243,0.716814699,0.578945764
0.690894019,0.589553409,0.706083192,0.591436648,0.721074099,0.594220464,0.736389536,0.529384642,0.697222573,0.597765281,0.665764156,0.604006601,0.626621471,0.631133993,0.708719352,0.518242669,0.71697749,0.578709827
0.691052478,0.589168991,0.706247705,0.591880544,0.7212785,0.59430084,0.736572889,0.529725864,0.697364012,0.597499742,0.665798376,0.60412768,0.626576246,0.631259196,0.708815386,0.517945221,0.717061946,0.578739432
0.69118103,0.588850731,0.706281226,0.59186446,0.721342251,0.594536044,0.736742424,0.529181485,0.697427426,0.597849377,0.665982482,0.603665406,0.626531252,0.630864528,0.708853818,0.518105812,0.717174961,0.578673974
0.691357303,0.588669572,0.706431417,0.591282268,0.721291742,0.593821389,0.736872542,0.528838705,0.697529071,0.597649998,0.66622008,0.603369476,0.626429626,0.630982145,0.708873065,0.518261692,0.717345231,0.578331177
0.69150373,0.58889941,0.706567895,0.590797115,0.721481408,0.59340565,0.736937907,0.52907717,0.697514832,0.597401432,0.666415753,0.603074988,0.62624344,0.630520869,0.708967977,0.518059572,0.717466566,0.578267087
0.691485773,0.588872501,0.706755349,0.590619536,0.72154416,0.593742781,0.737130801,0.528649256,0.697641313,0.596819407,0.666556284,0.602919951,0.626114771,0.629995392,0.709062409,0.518021305,0.717596877,0.577953255
0.691679144,0.588700248,0.706748598,0.591483621,0.721217129,0.594130569,0.737156922,0.529320561,0.697754401,0.596732409,0.666466536,0.602696355,0.625930321,0.629675265,0.709080984,0.518105015,0.71772653,0.577964385
0.691785343,0.588682673,0.706857543,0.593274993,0.721418081,0.594184753,0.737361015,0.528782691,0.69786692,0.596223606,0.66667358,0.602823896,0.625859376,0.629617146,0.709306239,0.517818233,0.717826906,0.577530728
0.69197699,0.588451556,0.706965941,0.593253421,0.721180512,0.59348524,0.737564083,0.528384889,0.697978873,0.595797606,0.666678041,0.602665439,0.625788788,0.629393469,0.709380359,0.517932834,0.717926778,0.577270769
0.692120029,0.588416575,0.706741332,0.594167973,0.721318203,0.592875429,0.737728158,0.527848959,0.698102923,0.595671641,0.6667897,0.602519184,0.625732556,0.628833888,0.709472811,0.517676875,0.718054629,0.576932451
0.692319386,0.588024637,0.706849479,0.593504019,0.721430331,0.592182564,0.737765151,0.52760099,0.698188474,0.595532279,0.666967646,0.602102368,0.625900068,0.628547581,0.709434204,0.517556346,0.718162902,0.576894718
0.692385002,0.58770608,0.707084319,0.594217395,0.721476639,0.592620786,0.738204992,0.527610998,0.698235813,0.595946273,0.667304732,0.601712668,0.626303583,0.628466273,0.709767992,0.517426824,0.718195066,0.57694713
0.692535417,0.587901498,0.707279916,0.593643244,0.721808787,0.591976225,0.738454193,0.527762824,0.698308044,0.596087369,0.667706653,0.601829049,0.626218695,0.628471163,0.709933046,0.517310983,0.718330718,0.577112097
0.69265678,0.587630451,0.707651784,0.59377906,0.722102065,0.591287778,0.738764819,0.527941786,0.698442579,0.595851479,0.667960615,0.60200512,0.626453066,0.628142341,0.710338012,0.51746467,0.718503294,0.576980967
0.692777543,0.587469637,0.707592432,0.594904859,0.722332011,0.590600844,0.739148915,0.527923662,0.698701459,0.595979749,0.66825303,0.601851773,0.626451198,0.628791584,0.710556253,0.517263407,0.718646888,0.577244879
0.692850767,0.587158844,0.707533373,0.594230929,0.722536129,0.590240548,0.739381469,0.528108663,0.698959061,0.595802872,0.668610021,0.6014678,0.626380369,0.62888555,0.710847122,0.51729577,0.718808478,0.577081859
0.692998553,0.586922705,0.707813903,0.593658809,0.722616089,0.590056543,0.739612877,0.528066421,0.698966601,0.595711714,0.668965253,0.601402693,0.626722691,0.628600391,0.710971129,0.518057919,0.718941283,0.576561773
0.693126928,0.58725031,0.70810559,0.592982457,0.722781652,0.590676501,0.740029285,0.528100113,0.699185059,0.595197553,0.669266183,0.601690117,0.626857437,0.628709878,0.711204542,0.518293733,0.718980367,0.576200587
0.693217396,0.587002141,0.708308312,0.592649695,0.722970912,0.590544488,0.740319865,0.528048633,0.699328173,0.59494469,0.669460784,0.601570444,0.626964137,0.629140928,0.711381938,0.518484157,0.719102816,0.576079589
0.693344608,0.586805435,0.708485094,0.592310961,0.723159247,0.589871288,0.74055963,0.527772704,0.69953233,0.594686425,0.669693657,0.601665268,0.627124951,0.628792786,0.711576712,0.518308265,0.719233927,0.57611223
0.693508295,0.587097108,0.708685902,0.592312548,0.723261298,0.589198208,0.740872136,0.527723954,0.69937826,0.594422268,0.669912351,0.601801089,0.627393988,0.62838394,0.711879747,0.51808176,0.719401353,0.575904121
0.693550919,0.586458683,0.70857539,0.591641651,0.723362852,0.590316858,0.741121679,0.528374786,0.699630454,0.594774789,0.670129981,0.601798976,0.627661716,0.627942604,0.712163149,0.518191202,0.719521884,0.575577814
0.693685624,0.586071043,0.708626401,0.59214015,0.723172651,0.590366589,0.741419044,0.527906233,0.699832391,0.594178208,0.670151861,0.601750726,0.62769763,0.627959051,0.71181121,0.517937626,0.718998258,0.575976368
0.693856503,0.585917452,0.708738932,0.592089159,0.722922838,0.589857111,0.741751657,0.52746764,0.699959977,0.593695469,0.670354909,0.601708623,0.62777395,0.628388841,0.711605531,0.518013581,0.718871547,0.575973488
0.693989819,0.586441667,0.708740007,0.592554987,0.722855391,0.589203004,0.741838676,0.527702821,0.70018454,0.594283856,0.670608643,0.60180948,0.627957855,0.628669122,0.711635181,0.517929421,0.718763747,0.576087078
0.694049195,0.586744095,0.708827134,0.592206111,0.72265574,0.589049871,0.741961786,0.527973415,0.699653488,0.594400468,0.670448811,0.601207688,0.627925487,0.629116155,0.711736617,0.517626236,0.718729486,0.57604382
0.694181408,0.586569454,0.708656288,0.592912813,0.72274551,0.590248426,0.742266414,0.527601,0.699161411,0.594774926,0.670521133,0.601329595,0.628054426,0.629454952,0.711801688,0.517669723,0.718677179,0.575642934
0.694121504,0.58689011,0.708877785,0.592767931,0.722738926,0.590095529,0.742496911,0.527582693,0.698708029,0.594870397,0.670605932,0.601353134,0.628236335,0.629552818,0.711902238,0.517710495,0.718770461,0.575405133
0.694171043,0.586668551,0.708841899,0.593230497,0.72270845,0.590169745,0.742702141,0.527075103,0.698256816,0.595223171,0.670741498,0.600868898,0.628497565,0.629250007,0.712055868,0.517647157,0.718845173,0.57548385
0.694102375,0.586743031,0.708927951,0.593257011,0.722725852,0.589584207,0.742858176,0.52663459,0.697807757,0.595479082,0.670876418,0.600868903,0.628610882,0.629011358,0.712155332,0.517666499,0.718765843,0.575396338
0.694260361,0.586664199,0.709183662,0.592807045,0.722802695,0.588977318,0.742797017,0.526800148,0.697348811,0.595870763,0.671023427,0.600684726,0.628750263,0.628965779,0.712041103,0.517712863,0.718858248,0.575400538
0.694408564,0.587140936,0.709426039,0.593859857,0.722748532,0.588855891,0.742844118,0.527100353,0.696916038,0.596096509,0.671220547,0.600391093,0.628902252,0.629042587,0.712104677,0.517513105,0.718752272,0.575275643
0.694492994,0.587745299,0.709703538,0.593876024,0.722824957,0.589094572,0.743034611,0.52697704,0.696461381,0.596161485,0.67121398,0.600648188,0.629172665,0.629086201,0.712327107,0.517471441,0.718925055,0.575010216
0.694675902,0.587661791,0.709955602,0.593215378,0.722948302,0.589332093,0.743355541,0.526949265,0.696056632,0.596275932,0.671435001,0.600526499,0.629375765,0.629152977,0.712495559,0.517356055,0.719034338,0.575217094
0.694831044,0.58817278,0.710122245,0.592593516,0.723059273,0.58909428,0.743567753,0.52742666,0.69564188,0.596388664,0.67149102,0.600186967,0.62927486,0.629009892,0.712452007,0.516974249,0.719053768,0.574723154
0.694922831,0.58788875,0.710216075,0.592841143,0.723157957,0.589106931,0.743790849,0.527270611,0.695240964,0.596372614,0.671697766,0.599822881,0.629279589,0.62905313,0.712654491,0.517159791,0.719171146,0.574313379
0.694692867,0.587372511,0.710477137,0.592812129,0.723256178,0.589587703,0.743918053,0.527129264,0.69484193,0.596457795,0.671778012,0.599685438,0.629153156,0.628969725,0.712873542,0.517179675,0.719136813,0.574456644
0.694374934,0.587577372,0.710689182,0.593113461,0.723377358,0.58894156,0.744115629,0.527219829,0.694444765,0.596524497,0.671845358,0.599835407,0.629485232,0.628955612,0.713021658,0.516902775,0.719200222,0.57446827
0.694147324,0.58784207,0.710387648,0.593250811,0.723322738,0.588563019,0.744335882,0.52734631,0.694167459,0.596978776,0.671887401,0.599708519,0.62964607,0.628680544,0.7132737,0.517223318,0.719263334,0.57412944
0.694266438,0.587381992,0.71042052,0.593373293,0.723466508,0.587922597,0.744296108,0.528037698,0.693832581,0.597181927,0.671904317,0.599644608,0.629741047,0.628867211,0.713541962,0.517177011,0.719317322,0.574015669
0.69425236,0.58731628,0.710560027,0.592782068,0.723563097,0.589085317,0.744456189,0.52829284,0.693910349,0.597489749,0.67203308,0.599268648,0.629666685,0.629578451,0.713791622,0.517339217,0.719485576,0.574342189
0.69433539,0.587392148,0.710817262,0.593297554,0.723763647,0.588509563,0.744650683,0.527892878,0.69377683,0.597305498,0.672272913,0.598971895,0.629592668,0.62982459,0.714040122,0.517276346,0.719573952,0.573987689
0.694426836,0.587839607,0.711096927,0.592782061,0.723801231,0.588288917,0.744879349,0.527659093,0.693679002,0.597336518,0.672486879,0.598420054,0.629518993,0.629888503,0.714235649,0.517267827,0.719732065,0.573718087
0.694491516,0.587510534,0.711316386,0.592137787,0.723942568,0.587663149,0.745106958,0.527518942,0.693441658,0.597661397,0.672502254,0.599206112,0.629445659,0.63037545,0.714395802,0.517438282,0.719758228,0.573458656
0.694573421,0.587168044,0.711452542,0.591642642,0.724083253,0.587588622,0.745182237,0.527384779,0.693554521,0.597489868,0.672628453,0.599287746,0.629372663,0.630442602,0.714503632,0.51727368,0.719775543,0.573262719
0.694628726,0.586947915,0.711588072,0.591269858,0.724154326,0.587136941,0.745431324,0.527160362,0.693655255,0.597394941,0.672778659,0.599409653,0.629415587,0.630575322,0.714645277,0.517759702,0.719871148,0.573134923
0.694770986,0.586937552,0.711804894,0.591537082,0.724236541,0.587565265,0.745447595,0.527760564,0.693825029,0.597133607,0.672928175,0.599533338,0.629458314,0.630646342,0.714854738,0.517850247,0.719940251,0.572875773
0.6949648,0.586831904,0.711962348,0.591471004,0.724329821,0.587034501,0.745729607,0.527346669,0.693866897,0.597426936,0.672966874,0.599502768,0.62944971,0.630550644,0.715012009,0.51785259,0.719766336,0.573063444
0.695001471,0.586916812,0.712014246,0.59101993,0.72441126,0.586674573,0.745675937,0.527582285,0.693897042,0.59759984,0.673042024,0.599479676,0.629326352,0.630470292,0.714930028,0.518078173,0.719774826,0.573325403
0.694925378,0.586962622,0.712124018,0.590587585,0.724492327,0.586621894,0.745956144,0.528077621,0.693973069,0.597168596,0.673141194,0.599853192,0.629305362,0.630544394,0.71510341,0.518011817,0.719886818,0.573582708
0.695091595,0.586439865,0.712186909,0.589967771,0.724573027,0.586482347,0.746189164,0.528142573,0.69404875,0.597390887,0.673288527,0.599660987,0.629259074,0.630477796,0.715259044,0.517949987,0.719981083,0.573470897
0.695213949,0.586319183,0.712203237,0.589358585,0.724687373,0.586493536,0.74614627,0.528307074,0.694146993,0.597451891,0.673277554,0.599237095,0.62912432,0.630462005,0.715363205,0.517819202,0.719997618,0.573466317
0.695249724,0.585870768,0.712381095,0.589745194,0.724676768,0.586283979,0.746377805,0.528090678,0.694267644,0.59732032,0.673423912,0.599173718,0.629192404,0.630474193,0.715466894,0.517694499,0.720091206,0.573064755
0.695233839,0.586015996,0.712489047,0.590705004,0.724711358,0.585670559,0.746425884,0.527612522,0.694296544,0.597032522,0.673509253,0.598852404,0.629121463,0.630511276,0.715603807,0.517646353,0.720141619,0.57264122
0.695355046,0.586059039,0.712596514,0.591182805,0.724689486,0.585069272,0.746587496,0.528027123,0.69440494,0.597032759,0.673546033,0.599270953,0.629164083,0.630616765,0.71568968,0.517494342,0.720260056,0.572505977
0.695492796,0.586166237,0.712726427,0.590855934,0.724892431,0.585381496,0.74680513,0.527569763,0.694456101,0.597404122,0.673750887,0.599098978,0.629018199,0.63087012,0.715926098,0.517425422,0.720318375,0.572699562
0.695646979,0.586241447,0.71283288,0.590248371,0.724959936,0.585869587,0.747010463,0.527107797,0.694597625,0.597279076,0.673691039,0.598839382,0.629035807,0.630643522,0.716161455,0.517085722,0.720401912,0.57231104
0.695749436,0.586043557,0.712938855,0.590260093,0.724926469,0.585539255,0.747135787,0.526762826,0.694727217,0.597238174,0.673679312,0.598739997,0.629078333,0.630739888,0.716379064,0.517046731,0.720476601,0.571991162
0.695927819,0.58580341,0.712839365,0.590929295,0.724971276,0.584940774,0.747395833,0.526518243,0.694901325,0.597110633,0.673739257,0.598677939,0.629108198,0.630853476,0.716512413,0.517077528,0.720542501,0.572081436
0.695876764,0.585733631,0.712740319,0.59061287,0.725093834,0.584798456,0.747542237,0.526260101,0.694950925,0.596922005,0.673727476,0.599479554,0.629100604,0.631007167,0.716611927,0.517143525,0.720633417,0.571852598
0.695809036,0.585361817,0.71297051,0.591296975,0.725193626,0.58422439,0.747676768,0.526258574,0.695078868,0.596978404,0.67372763,0.599458685,0.629167531,0.630961427,0.716528577,0.517041738,0.720723929,0.571626154
0.695876501,0.585096667,0.71315443,0.590707341,0.725304061,0.583636921,0.747855495,0.526021877,0.695206243,0.596981388,0.673822641,0.599146883,0.62911029,0.63075325,0.716793083,0.516802424,0.720696455,0.57179311
0.695800661,0.584899042,0.713348824,0.590564067,0.725303388,0.583065481,0.748100474,0.526368188,0.695344229,0.597169451,0.6739054,0.599170285,0.6291769,0.630579923,0.716891315,0.516835394,0.720778046,0.571615773
0.695775518,0.584497121,0.713576147,0.590470919,0.725479319,0.582853885,0.748299775,0.526375568,0.695437009,0.596705131,0.673987794,0.59904189,0.629181553,0.630658571,0.717087957,0.516827783,0.720901086,0.57119617
0.695834235,0.584172916,0.713791232,0.589863364,0.725544342,0.582752508,0.748520447,0.526662922,0.695618377,0.596369691,0.674093383,0.59865466,0.629260018,0.630620831,0.717267295,0.516887465,0.720831687,0.570986128
0.695942835,0.584059253,0.713949304,0.589327344,0.725762926,0.582634263,0.748717949,0.526510916,0.695687947,0.596237384,0.674186755,0.59842318,0.629301303,0.630739602,0.717445845,0.517109528,0.720870819,0.570650255
0.695975914,0.583999715,0.713849344,0.589213927,0.725827043,0.582045602,0.748936736,0.526240106,0.695580001,0.596342927,0.67426799,0.598553452,0.629158637,0.630583148,0.717558149,0.517388593,0.720943005,0.570489865
0.696108688,0.584124685,0.713816806,0.589092401,0.725956524,0.581459334,0.749121411,0.525797086,0.695815122,0.596133361,0.67434887,0.598847944,0.629199963,0.630545152,0.717686292,0.517165499,0.721089473,0.570210525
0.696191072,0.583993843,0.714051766,0.589296454,0.726140025,0.580904342,0.749338362,0.525899815,0.695905861,0.595912844,0.674546156,0.598670425,0.629228911,0.630911477,0.717944228,0.517261835,0.721136055,0.569719195
0.696289664,0.584176791,0.714263471,0.590446378,0.726115755,0.580566249,0.749521357,0.525476179,0.696007208,0.595885798,0.674532873,0.598536497,0.629172534,0.630838163,0.718022195,0.51707882,0.72123195,0.569620747
0.696247308,0.584071682,0.71426352,0.589848583,0.726102459,0.580650638,0.749462011,0.525015162,0.696206929,0.59542398,0.6746824,0.598241698,0.629116403,0.631037414,0.71822961,0.517212146,0.721335662,0.569347499
0.69622988,0.584252421,0.714374241,0.589892145,0.726165144,0.580072329,0.749665856,0.524593922,0.69634005,0.595650357,0.674808079,0.598094543,0.629048396,0.631094719,0.718322808,0.51711997,0.721406057,0.56913173
0.696220758,0.584223374,0.714429266,0.58957413,0.726260025,0.579495303,0.749846954,0.524371715,0.696428868,0.595454863,0.67482904,0.598491752,0.628859762,0.630833903,0.718447909,0.51719374,0.721402358,0.569051005
0.69619525,0.583942642,0.714627308,0.589519016,0.726343696,0.579989932,0.750038179,0.524399066,0.696582751,0.595113315,0.674976959,0.597910344,0.628985661,0.631115259,0.71865306,0.516901594,0.721235051,0.569376114
0.696300965,0.583875209,0.714703542,0.589207699,0.726157611,0.58087728,0.750239463,0.524196139,0.696583585,0.594727357,0.674997466,0.597961155,0.628990616,0.631232839,0.71887341,0.516962355,0.721174592,0.569539986
0.696471641,0.583517848,0.71488917,0.58920111,0.726251895,0.580552808,0.750472466,0.524324003,0.696682167,0.594697011,0.675132886,0.597792664,0.628863394,0.631066163,0.719092812,0.517074772,0.72130175,0.56925841
0.696551831,0.583473275,0.714931669,0.588619433,0.726238479,0.580458621,0.750639441,0.524231984,0.696780326,0.594428593,0.67525625,0.597740242,0.628808648,0.631101626,0.719215187,0.51712951,0.721257664,0.569326757
0.696729382,0.583402567,0.715017687,0.588581195,0.726064521,0.58114555,0.750556961,0.523793524,0.696748287,0.594448458,0.675470692,0.59761539,0.628778062,0.631032949,0.719305077,0.517004923,0.72139221,0.569130574
0.69686555,0.583448912,0.715103337,0.587994273,0.725934041,0.581142937,0.750798584,0.523382245,0.696824302,0.594377356,0.675592807,0.597375557,0.628759545,0.631051226,0.719442421,0.516721496,0.721509994,0.568931833
0.697001138,0.583323166,0.715319165,0.588560791,0.725921388,0.581104828,0.751017639,0.52372778,0.696986142,0.594617117,0.675748607,0.59726704,0.628812576,0.631258683,0.71957918,0.516508211,0.721554588,0.568605139
0.697152329,0.583201357,0.715490653,0.588013797,0.726057726,0.580967019,0.751257253,0.523281034,0.697093564,0.594356986,0.675949256,0.596766148,0.628687086,0.631288847,0.719778868,0.516630381,0.721631228,0.568566053
0.697278659,0.582992586,0.715672244,0.588529669,0.725938707,0.580929012,0.751377898,0.523146565,0.697211254,0.594196384,0.676160406,0.596395378,0.628751907,0.631329409,0.719993553,0.516538688,0.721578869,0.568716941
0.697420566,0.582909372,0.715777401,0.588440494,0.726021464,0.580892241,0.751637134,0.523438827,0.697253543,0.594280762,0.676325343,0.595914986,0.628792782,0.631575311,0.720191518,0.51626329,0.721671184,0.568509794
0.697401099,0.582627071,0.715903686,0.588791025,0.726188438,0.580548898,0.751788498,0.523245519,0.697466495,0.593777999,0.676410443,0.595755114,0.628904349,0.631432683,0.720372868,0.516326679,0.721739084,0.568347802
0.697510062,0.582120793,0.716126312,0.588276409,0.726133188,0.580080363,0.752045774,0.523076313,0.697550687,0.593278262,0.676404929,0.595533686,0.628897586,0.631199379,0.720380268,0.51625868,0.721798706,0.568084711
0.697618566,0.582158993,0.716090214,0.588318506,0.726288697,0.579523113,0.752110579,0.522944906,0.697698321,0.592878976,0.67638818,0.595553383,0.628902611,0.631144942,0.720513325,0.516535388,0.721929847,0.567829195
0.69774259,0.581964353,0.716172171,0.587789759,0.726422544,0.578967728,0.752313046,0.522699685,0.697898386,0.592599517,0.676528784,0.595278761,0.62886067,0.631091037,0.7206615,0.516264002,0.721996776,0.567676961
0.69771464,0.581943827,0.716317962,0.58768881,0.726524384,0.578416916,0.752557017,0.522260995,0.698023496,0.592347461,0.676680009,0.59523556,0.628830617,0.631172102,0.720699539,0.516287881,0.722095188,0.567535936
0.697861808,0.581929982,0.716335058,0.587115294,0.726615337,0.577862724,0.752662609,0.521824314,0.69812695,0.592368357,0.676763477,0.595213268,0.628789001,0.630995381,0.720909154,0.516160862,0.722216962,0.567425181
0.697968671,0.582173335,0.716373385,0.586762123,0.726726787,0.577552372,0.752915375,0.522170951,0.698282692,0.592423113,0.676846596,0.595156361,0.628770886,0.630708475,0.721133473,0.516100083,0.722298688,0.567211922
0.698122618,0.581922938,0.716517845,0.586200452,0.726775273,0.577001968,0.753156566,0.521803638,0.698374654,0.591894397,0.677051918,0.594864559,0.628729568,0.630628454,0.721294669,0.516096457,0.722411639,0.567014587
0.698228495,0.581607425,0.716576848,0.586098408,0.726823557,0.577132556,0.753386253,0.521645379,0.698476733,0.592174768,0.677267503,0.594950244,0.628816183,0.630883911,0.721517254,0.51592086,0.722484745,0.566989442
0.698381264,0.581718905,0.716709701,0.586048903,0.726996122,0.576590975,0.753520684,0.521685493,0.69856791,0.592109482,0.677482195,0.594582938,0.628856076,0.630944059,0.72170795,0.515855743,0.722588983,0.566751674
0.698525528,0.581336433,0.716525108,0.586284126,0.727085157,0.576589911,0.75376958,0.521276401,0.698700536,0.592022824,0.677673854,0.594395508,0.628884237,0.630872461,0.721928758,0.515441637,0.722684947,0.566614189
0.698684908,0.581627166,0.716646978,0.586317781,0.727173824,0.5761649,0.754007012,0.521213389,0.698905659,0.591810072,0.677787379,0.594103356,0.62894691,0.630896564,0.72207156,0.515336124,0.722702252,0.566412445
0.698780913,0.581801946,0.716768345,0.586369215,0.727220888,0.575680832,0.754243465,0.521013223,0.699016215,0.591715491,0.677988645,0.594051554,0.628940212,0.63077855,0.72222916,0.515130497,0.722844446,0.566573311
0.698954758,0.581752495,0.716973197,0.585809793,0.727329487,0.575159517,0.754458162,0.521090997,0.699105532,0.591736713,0.678178079,0.593767789,0.629036997,0.630890612,0.722293979,0.515093307,0.722947086,0.566214273
0.699104467,0.581651549,0.717093396,0.585914194,0.727365772,0.574630622,0.754703088,0.521515846,0.699204852,0.591335824,0.678322812,0.593607336,0.629133384,0.631072098,0.72251177,0.51491531,0.723033748,0.566095908
0.699206814,0.581559299,0.717275833,0.585378626,0.727340432,0.574604228,0.754947011,0.521297608,0.699252019,0.590948982,0.678499826,0.593319011,0.629229376,0.631073821,0.722575744,0.514786843,0.723104531,0.565923458
0.699355395,0.581749804,0.71744709,0.586221404,0.72740722,0.574076742,0.755148623,0.521150744,0.69937129,0.591285505,0.678708924,0.593017159,0.629336401,0.631317331,0.722746285,0.51476519,0.723151786,0.565815817
0.699309376,0.581379816,0.71758641,0.585721551,0.727443124,0.573558569,0.755380334,0.521261051,0.699479768,0.591301009,0.678906255,0.592577049,0.629374581,0.631269963,0.72291613,0.514982025,0.723229769,0.565800669
0.699286776,0.581453183,0.717756337,0.585722947,0.727611264,0.573029348,0.755580242,0.521079462,0.699690665,0.59108623,0.678797828,0.59293164,0.629480873,0.630981877,0.723146078,0.514920825,0.723222574,0.565844842
0.699426561,0.581367875,0.717904833,0.585171908,0.727666933,0.57250351,0.755717746,0.520877417,0.69989044,0.591064694,0.679048521,0.592658043,0.62943912,0.630827326,0.72331442,0.514565123,0.723307796,0.565649921
0.699565779,0.581290476,0.718032028,0.585154552,0.727773085,0.572417936,0.755823959,0.520791449,0.700017693,0.590813695,0.679189727,0.59254216,0.629522187,0.630952403,0.723345843,0.514188892,0.723415721,0.565458614
0.699704432,0.580888919,0.717962477,0.585425608,0.72789905,0.571894574,0.755847953,0.520614118,0.700103536,0.590436734,0.679362837,0.592647374,0.629537064,0.630764028,0.723497992,0.514294611,0.723477204,0.565288132
0.699804119,0.580982288,0.718150885,0.585157969,0.727832587,0.571984336,0.756096316,0.520196238,0.700015581,0.589945694,0.679470428,0.592772014,0.629653456,0.630791207,0.72363445,0.513986713,0.72351548,0.565379901
0.699872741,0.580902911,0.71831796,0.585140795,0.727947844,0.571463632,0.756323314,0.520024261,0.700141812,0.589848443,0.679512896,0.592940533,0.629611692,0.63049142,0.723800449,0.513820303,0.723576513,0.565372885
0.70001759,0.580874831,0.71842277,0.58487114,0.727951973,0.571427573,0.756518911,0.51963929,0.700298021,0.589512948,0.679587473,0.592893164,0.62946893,0.630398123,0.723950765,0.513746449,0.723644922,0.564990475
0.700146588,0.581032794,0.718537403,0.584828177,0.727905885,0.572104351,0.756652874,0.519240009,0.700392754,0.589767023,0.679790608,0.592621295,0.629551103,0.630211938,0.724070507,0.513512181,0.723743481,0.56483465
0.700297929,0.580659808,0.718580005,0.584725523,0.727970202,0.571587024,0.756836906,0.519089023,0.700396015,0.58982781,0.679960779,0.59232831,0.629688925,0.630136335,0.724234634,0.51335468,0.723826464,0.564530628
0.700403036,0.580841625,0.718724478,0.585372551,0.727944261,0.571070876,0.757020202,0.518699216,0.700530577,0.589502033,0.68015166,0.592485068,0.629781502,0.630109649,0.724293628,0.513395764,0.723765174,0.564253684
